psite_id,disease_id,label
1403,68,1
965,211,1
2114,198,0
173,63,0
1458,223,1
41,194,0
1396,160,0
2206,13,1
1146,43,1
1829,123,1
610,76,0
672,206,1
282,167,0
567,229,1
513,276,0
1581,108,1
680,32,0
2260,164,0
456,138,0
1388,285,1
840,74,0
1643,11,0
1728,224,1
2269,13,1
2271,170,0
1463,37,1
1869,282,1
1109,151,1
2267,221,1
1058,239,0
94,72,0
852,75,0
1158,281,1
584,271,1
573,229,1
516,157,0
628,56,1
788,43,1
1256,68,1
1767,138,0
1095,239,1
47,251,0
771,25,0
25,28,0
1813,80,0
230,108,1
884,35,0
747,6,1
721,210,0
1751,240,1
968,50,1
964,239,1
994,87,0
2292,38,0
524,199,1
2021,43,1
1120,239,1
1105,24,0
1419,96,0
1075,123,1
1786,96,0
1384,108,1
394,43,1
243,227,0
1095,5,1
696,26,0
1155,24,1
1476,140,0
1124,123,1
552,84,0
1439,37,1
1053,119,0
2204,13,1
1242,37,1
1259,145,1
1239,179,1
1111,145,1
1656,183,0
1866,30,0
2205,171,0
2259,174,0
2133,167,0
557,198,0
1245,43,1
833,53,1
381,241,0
890,264,0
1582,239,1
661,13,1
802,57,1
930,87,0
540,65,0
1524,179,1
1494,37,1
260,3,0
648,123,1
424,1,0
623,246,0
567,231,0
190,243,0
982,151,1
1471,67,0
437,61,1
372,159,0
624,13,1
830,78,1
1326,211,0
2276,43,1
1217,75,0
280,161,1
705,88,0
1129,1,0
1881,63,0
1430,176,1
2033,12,0
965,95,1
1897,68,1
380,28,0
1523,161,1
568,104,1
2026,68,1
2243,115,0
346,179,1
155,5,1
2216,133,0
2030,104,0
560,230,0
288,206,1
630,106,1
1541,109,1
567,47,0
2170,257,0
1632,37,1
1282,71,0
253,286,0
800,67,1
1233,204,0
1476,161,1
377,37,1
2206,106,0
2180,247,0
962,52,1
1279,206,1
2035,219,0
607,16,0
428,68,1
1241,111,1
1388,239,1
184,43,1
1117,62,1
441,81,1
1705,150,1
1279,98,0
791,168,0
1201,55,0
445,195,0
2037,91,1
555,3,0
2286,132,0
925,82,1
1467,71,0
445,138,0
1557,50,1
1680,43,1
1050,50,1
1970,37,1
1919,91,1
327,254,0
1750,139,0
470,161,1
1467,276,0
827,37,1
2,58,1
1521,5,1
31,242,0
61,56,0
450,227,0
776,16,0
617,78,1
1554,136,0
179,211,1
1944,268,0
1693,28,0
924,273,1
899,279,1
1233,53,1
964,148,1
869,220,1
1212,273,0
1874,161,1
1188,47,1
582,271,1
317,223,1
1253,123,1
982,245,0
2041,23,0
1529,68,1
409,38,0
1571,90,0
2254,134,0
625,5,0
1672,224,1
1062,98,0
836,125,0
1798,155,1
1571,81,1
1698,259,0
2071,7,0
1145,245,0
959,101,0
1625,253,0
219,35,0
2012,58,1
125,167,0
168,43,1
276,18,0
769,79,0
737,90,0
1269,266,0
296,183,0
1630,269,1
210,114,0
2053,194,0
512,239,1
268,159,0
717,21,0
1390,268,1
2092,117,1
1563,108,1
2012,125,0
696,163,1
1203,291,0
2189,72,0
268,145,1
2170,190,0
1899,161,1
1537,0,0
370,43,1
560,13,1
1103,204,0
1622,24,0
1488,133,1
2279,257,0
1148,140,0
37,161,1
1160,233,0
292,246,0
2134,81,1
1832,37,1
1528,68,1
1450,161,1
522,43,1
259,55,0
154,43,1
1660,217,0
2014,128,0
1141,269,0
1796,43,1
1053,223,1
572,13,1
463,205,1
1508,258,0
1497,68,1
1318,270,1
765,243,1
1487,2,0
1663,62,1
2293,108,1
453,43,1
1616,13,1
963,161,1
836,61,1
2181,87,0
1000,232,1
2083,129,0
606,224,0
1526,39,1
864,187,0
1853,229,1
1603,37,1
904,58,1
1466,167,1
1850,229,1
1143,224,1
1784,68,1
1129,151,0
1392,115,1
900,46,1
1541,129,0
782,269,1
152,108,1
366,263,1
509,5,1
940,175,0
899,81,1
1275,108,1
299,37,1
1947,208,0
316,37,1
93,47,1
1919,161,1
387,130,0
1091,281,1
1987,56,1
2039,37,1
1242,43,1
1462,179,1
1375,50,1
452,60,0
63,47,1
2119,206,1
761,6,1
712,68,1
2168,245,0
139,187,0
1936,82,0
168,37,1
1095,142,1
1574,58,1
652,13,1
196,21,0
1343,43,1
1915,166,0
921,13,1
1436,127,0
1152,58,1
1117,267,1
1387,192,0
696,50,1
2242,260,0
2296,213,0
735,52,1
687,26,0
308,78,1
575,155,1
854,88,0
416,237,0
1805,200,0
364,180,1
1610,73,0
2194,88,0
1906,166,0
231,138,0
1289,185,0
1242,13,1
242,218,0
748,82,0
1804,204,0
1369,248,0
878,60,0
1217,50,1
38,235,0
202,24,0
1656,37,1
1583,146,1
516,239,1
367,288,1
52,269,0
1543,38,0
1809,50,1
2296,51,0
944,96,0
796,262,0
908,0,0
1297,80,0
2230,67,1
1453,68,1
1139,266,0
1228,104,0
415,163,0
804,242,0
1882,113,0
964,160,1
211,115,0
1159,3,0
1156,77,0
1253,106,0
771,52,1
470,285,1
2044,76,0
1522,43,1
2261,155,0
1662,43,1
1657,53,0
468,78,0
1512,52,1
574,213,0
2279,245,0
698,140,0
675,286,0
1507,110,0
466,225,0
1906,144,0
627,2,0
868,37,1
445,161,1
186,42,0
337,286,1
996,50,1
1116,229,1
1070,83,0
385,152,1
553,56,1
756,56,1
1105,161,1
1218,47,1
2123,18,0
1993,282,0
1103,127,0
533,7,0
362,43,1
2262,191,0
570,86,1
1036,86,0
416,13,1
590,155,1
2238,75,0
394,266,0
823,126,0
232,223,1
1783,184,0
837,59,0
1318,165,0
295,37,1
1025,154,0
1153,66,0
581,13,1
2013,47,1
729,42,0
1505,66,1
620,13,1
913,55,0
1287,125,0
1692,47,1
2040,162,0
796,161,1
646,182,1
16,168,0
159,32,0
1953,196,0
1338,31,0
2194,229,1
968,43,1
1593,186,0
2001,37,1
916,242,0
1393,54,1
1000,68,1
220,239,1
93,50,1
367,43,1
1077,179,0
532,129,0
1982,93,0
1755,198,0
2001,223,1
2186,190,0
141,83,0
1600,239,1
229,133,0
2215,74,0
957,50,1
1524,68,1
30,224,1
1522,3,0
356,71,0
857,263,0
1140,268,0
492,145,0
2054,37,1
2287,202,0
314,202,0
1594,220,0
1153,82,0
1663,151,1
1083,233,0
367,263,1
1030,224,0
997,128,1
433,39,1
50,98,0
1941,214,0
1417,239,1
279,52,1
899,13,1
396,92,0
2002,125,0
1774,230,1
899,151,1
2164,48,0
2241,162,0
1658,221,0
779,185,0
455,78,0
99,37,1
1278,241,1
552,13,1
1552,13,1
406,227,1
595,52,0
169,257,0
1580,204,0
91,228,0
1158,280,1
900,283,1
552,188,0
1338,134,0
52,126,0
523,19,0
1652,5,1
288,43,1
811,57,1
735,259,0
30,131,1
1173,206,1
190,37,1
655,13,1
1103,164,1
2050,223,1
229,228,0
2301,50,1
139,6,0
1501,67,1
1262,276,0
1646,195,0
1546,206,0
592,237,0
964,220,1
1957,47,1
12,56,1
1231,59,0
1063,249,0
1003,178,0
1498,68,1
1932,72,0
2006,13,1
981,151,1
1388,5,1
503,43,1
1416,239,1
1734,81,0
1035,82,1
1292,289,0
614,229,1
1988,57,1
2114,93,0
673,27,1
891,244,0
1059,3,0
22,187,0
902,81,1
1777,37,1
351,43,1
1957,72,1
1611,169,0
1012,43,1
692,237,1
903,58,1
489,50,1
535,22,0
2012,108,0
710,71,0
1914,225,0
2257,143,1
254,28,0
971,95,1
1400,160,1
497,160,1
716,285,1
884,43,0
550,13,1
566,161,0
1471,18,0
63,160,1
2039,126,0
1656,52,1
1789,229,0
1260,90,0
1426,81,1
1378,165,0
2293,68,1
67,6,1
1175,286,1
975,37,1
1700,130,1
1886,47,1
310,131,0
1665,190,1
1423,39,0
371,150,1
2290,284,0
809,85,0
1894,164,0
696,37,1
160,72,0
244,50,1
872,66,0
112,198,0
150,82,1
1528,271,0
1953,194,0
1271,173,1
463,243,1
1610,191,0
1560,206,1
1516,175,0
708,88,0
1798,50,1
1458,199,0
1958,81,1
1153,58,1
2196,220,0
1839,161,1
623,84,0
529,9,1
593,14,1
1317,146,0
1175,84,1
1095,135,1
909,183,0
342,161,1
1315,82,1
317,206,1
1900,161,1
900,37,1
920,200,0
810,57,1
1635,55,0
1064,40,0
716,68,1
1746,151,1
2061,34,0
417,13,1
721,19,0
2187,206,1
1756,165,1
307,237,1
748,257,1
683,234,0
1802,69,0
1025,145,0
1076,144,0
1005,229,0
824,50,1
1792,52,1
1605,282,1
1222,2,0
655,25,0
678,13,1
322,57,1
719,245,0
556,9,0
1268,91,1
1064,242,0
479,96,0
2237,190,0
1948,125,0
520,40,1
1067,82,1
1131,231,0
400,229,1
1142,16,0
1044,47,1
160,161,1
144,42,0
663,44,0
1028,175,0
711,225,0
1303,162,0
1443,57,0
423,55,0
800,273,0
713,37,1
1402,260,0
271,273,0
72,67,1
2000,100,0
1710,25,1
200,8,0
108,229,1
386,224,1
2073,95,1
1882,82,1
355,129,0
2059,194,0
1682,23,0
899,37,1
149,121,0
1052,190,0
895,20,0
1749,108,1
1935,68,1
1478,83,0
2114,285,1
321,224,1
558,13,1
4,158,0
1255,7,1
1241,56,1
970,164,0
2232,117,0
351,127,0
554,271,1
1112,129,0
2279,114,0
53,125,0
735,197,0
1273,57,1
978,16,1
2133,82,1
173,13,1
372,270,0
1028,81,1
953,151,1
1815,37,1
1872,43,1
568,13,1
351,68,1
188,187,0
1932,162,0
1091,224,1
1083,7,0
800,68,1
974,37,1
1106,48,1
1467,5,1
1576,56,1
900,81,1
1391,206,1
1028,162,0
314,50,1
2304,209,0
824,247,0
1241,179,1
1242,101,1
964,51,1
1613,269,0
1159,206,1
1697,5,1
694,108,1
537,96,1
588,175,0
2181,72,0
1540,109,1
1542,47,1
1030,90,0
1931,55,0
161,192,0
490,64,0
581,130,1
256,65,0
873,68,1
348,118,1
808,254,0
513,239,1
301,43,1
1524,267,1
243,139,0
2139,221,0
2047,37,1
1611,104,1
704,273,0
641,228,0
2149,14,1
146,5,1
592,13,1
583,87,0
1023,269,1
1932,1,0
611,169,0
1122,123,1
2034,103,0
541,68,1
59,130,0
1573,80,0
1942,82,1
1896,78,0
1705,259,0
2140,143,0
1026,20,0
714,81,1
790,46,0
332,240,0
1464,130,1
1789,205,0
923,81,1
1472,227,0
964,67,1
1460,115,0
2291,189,0
527,93,0
940,251,0
671,37,1
1524,282,1
660,49,0
781,56,1
1221,26,0
820,161,1
249,138,0
609,213,0
617,81,1
1186,84,0
2065,269,1
1367,145,0
230,103,0
1725,161,1
1215,19,0
2023,243,0
968,82,1
1206,43,1
1081,100,0
2290,243,0
1658,157,0
2320,58,1
1178,187,0
1883,206,1
468,249,0
926,242,0
1394,233,1
183,67,1
430,269,1
1760,161,1
323,5,1
1329,138,1
480,179,1
2070,239,1
2179,34,0
964,142,1
216,239,1
1285,248,0
527,29,0
575,133,0
296,57,0
1472,178,0
1360,272,0
361,13,1
2063,53,1
710,64,0
2168,186,0
1537,148,1
1175,165,1
170,21,0
322,206,1
2233,151,1
2027,269,1
1389,50,0
2247,67,0
818,102,1
1969,103,1
1443,14,1
183,181,0
1722,222,0
532,126,0
2276,262,0
749,43,1
1739,34,0
2085,77,0
2048,267,1
2030,69,0
815,133,0
1878,195,1
2264,18,0
76,5,0
344,99,0
2321,15,0
481,195,0
1788,206,1
925,283,1
226,56,0
1786,69,0
151,236,0
721,68,0
1034,185,0
8,56,1
1657,119,0
1824,82,1
1060,151,1
2214,50,1
655,256,0
221,133,0
1568,115,1
1107,66,1
686,82,1
1994,268,1
917,247,0
1620,125,0
1257,91,1
320,123,1
1729,32,0
1154,37,1
401,112,0
1317,249,1
38,94,1
1674,17,0
732,150,1
454,254,1
568,14,1
2321,85,0
1257,194,0
1047,47,1
513,5,1
1013,43,1
280,157,0
879,21,0
2085,243,0
571,229,1
1769,11,0
975,2,0
2258,272,0
1047,34,0
482,99,1
1222,65,0
385,204,0
1725,108,1
185,179,1
487,201,0
929,211,1
546,272,0
1152,5,0
298,37,1
341,90,0
1092,239,1
699,77,0
378,117,0
1123,51,0
958,37,1
1658,17,0
2023,43,1
1374,92,0
793,154,0
1415,110,0
1794,168,1
782,131,0
329,292,0
964,36,1
1572,161,1
2266,201,0
2248,195,0
1305,120,1
1285,162,0
1629,223,1
322,43,1
557,104,1
530,285,1
531,206,1
154,277,0
250,229,1
931,53,1
684,71,0
1726,224,1
795,252,0
2014,239,1
24,269,1
806,57,1
2263,81,0
1515,251,0
1135,141,0
1021,106,0
83,13,0
1391,277,0
2267,123,1
2199,134,0
1232,234,0
881,129,0
1936,65,0
543,243,0
309,21,1
715,67,1
1617,14,1
67,32,0
245,43,1
18,195,1
1796,108,1
514,239,1
1570,82,1
841,92,0
431,264,0
991,253,0
1751,123,0
294,37,1
730,136,0
749,37,1
1670,57,0
2014,12,0
1109,150,1
1218,37,1
1142,115,1
711,213,0
1429,129,0
468,165,1
769,43,1
368,206,1
290,37,1
756,203,0
279,212,0
1701,247,0
1061,55,0
377,115,0
1889,213,0
1095,90,1
2048,52,1
625,169,0
376,290,1
673,264,0
172,52,1
1640,200,0
1933,5,0
688,82,1
499,194,0
818,47,1
1665,137,0
724,0,0
1353,38,0
2196,285,1
0,137,0
832,74,0
376,211,1
2315,54,1
1882,220,1
1241,224,1
502,243,1
1799,92,0
2231,94,1
2240,223,1
1175,285,1
500,81,1
1844,288,0
415,13,1
1015,82,1
773,76,0
1172,206,1
2227,37,1
171,245,0
693,74,0
501,68,1
170,30,0
1888,24,1
1790,81,1
445,75,0
1411,140,0
556,13,1
2262,106,1
1198,30,0
799,108,1
299,43,1
1573,33,0
1608,43,1
826,194,1
1620,209,0
1923,53,0
97,131,0
76,89,0
188,119,0
1951,229,1
848,52,1
773,151,1
489,47,1
1173,155,0
1412,2,0
967,5,1
1302,219,0
256,43,1
276,81,1
1790,117,0
2194,54,1
261,50,1
1616,14,1
423,269,1
2276,223,1
646,37,1
2280,68,1
951,223,1
2171,229,0
79,37,1
549,58,0
148,82,1
504,37,1
813,57,1
481,47,1
360,223,1
149,85,0
738,111,0
1185,269,1
1227,95,1
1602,37,1
905,52,0
576,29,0
904,215,0
394,162,0
1680,37,1
2321,279,0
965,252,1
71,224,1
1868,206,0
857,79,0
796,50,1
487,177,0
730,66,0
1540,245,0
317,37,1
925,81,1
2293,249,0
920,68,1
327,76,0
1843,56,1
423,43,1
1783,178,0
2254,37,1
617,13,1
900,246,1
964,95,1
323,224,1
1038,211,1
193,159,0
1636,148,1
714,243,1
288,37,1
580,64,1
611,274,0
439,231,0
204,260,0
1192,82,1
1403,67,1
925,43,1
1219,128,0
1086,202,0
1475,28,0
1311,47,1
1363,192,0
1739,94,1
950,139,0
1036,220,1
286,105,0
327,156,0
1710,75,0
1267,34,0
349,118,1
168,206,1
357,206,1
164,76,0
826,6,0
486,57,0
570,271,1
1510,68,1
978,36,0
2006,105,0
220,234,0
373,40,0
603,13,1
2222,190,0
1054,170,0
0,36,0
628,232,1
664,67,0
1618,50,1
225,239,1
630,185,0
364,47,1
491,29,0
959,126,0
475,13,0
1963,107,0
885,79,0
2261,196,0
762,223,1
863,262,0
14,209,0
170,225,1
209,89,0
1021,186,0
904,115,1
815,237,0
2282,239,1
177,282,0
1313,114,0
1415,37,1
1272,279,0
1039,223,1
390,222,1
570,13,1
668,239,1
1896,68,1
720,190,0
1585,115,1
1095,189,1
2101,33,0
1622,65,0
2306,175,0
1142,199,1
736,202,0
57,174,0
606,68,0
587,252,0
471,43,1
675,13,1
378,233,1
1098,26,0
542,68,1
260,54,1
1754,28,0
2279,47,1
674,13,1
255,94,1
1345,206,1
1917,133,0
197,249,0
1018,174,0
1344,43,1
2143,68,1
1505,216,0
185,175,0
562,237,0
57,12,0
1862,11,0
1058,13,1
1510,200,0
1723,37,1
372,266,0
899,46,1
1157,5,1
1063,37,1
401,250,0
2039,262,1
1844,56,1
1806,155,0
246,247,0
1731,56,1
583,13,1
190,160,1
1917,63,0
2022,43,1
1118,37,1
1478,258,1
708,192,1
451,81,1
1268,223,1
504,104,0
585,64,1
452,128,0
1303,40,1
51,147,0
2190,253,0
438,113,0
946,154,0
2257,160,0
1217,202,0
633,241,0
296,43,1
2163,254,0
1142,54,0
1926,54,0
964,81,1
1280,115,0
251,151,0
1956,220,1
1803,223,1
662,59,0
353,235,0
281,20,0
723,237,0
2237,37,1
478,47,1
687,28,0
1624,199,0
1878,119,0
1791,285,1
2059,17,0
1046,97,0
195,3,0
1564,220,0
851,281,1
2052,220,0
183,43,1
1091,47,1
614,13,1
733,37,1
1103,175,1
1137,212,0
1910,12,0
686,286,0
620,62,0
947,128,0
777,82,1
1504,267,1
1068,68,1
1842,90,1
1478,118,0
988,78,0
364,224,1
1182,72,0
186,130,0
1531,220,1
1006,133,1
1400,67,1
1280,10,0
2137,176,0
1827,253,0
932,20,1
1590,224,0
1157,37,1
1140,228,0
1683,21,0
1095,171,1
1476,130,0
1067,231,0
966,204,0
841,215,0
2051,241,0
2171,206,1
970,239,1
919,131,0
2008,37,1
1346,43,1
408,13,1
2243,269,1
943,13,1
103,117,1
1212,108,1
43,24,0
554,283,1
672,5,1
1090,251,0
1400,68,1
127,64,0
2210,239,0
1987,57,1
1682,219,0
2025,56,0
1356,111,1
1775,52,1
1262,223,1
968,13,1
2073,124,0
998,207,0
1495,174,0
127,37,1
104,33,1
718,229,0
1376,198,0
1072,162,0
1640,274,1
328,141,0
994,32,0
1847,58,1
759,171,0
1601,77,0
743,184,0
627,56,1
448,173,0
1868,231,0
19,88,0
264,161,1
264,269,1
1778,241,1
785,135,0
2257,170,0
965,5,1
893,31,0
1290,179,1
1157,239,1
366,223,1
105,58,0
776,24,1
781,213,0
211,211,1
1367,252,0
1131,32,0
599,124,0
1037,233,1
102,117,1
2117,184,0
2101,239,1
1417,104,0
759,107,0
533,64,0
1012,161,1
1472,56,1
299,208,0
900,267,1
1298,33,0
2170,253,0
591,57,0
1460,105,1
1612,104,1
592,81,0
1420,195,1
721,282,0
1167,64,0
2124,281,0
229,115,0
473,198,0
1671,280,0
1033,27,0
601,13,1
105,268,1
1659,92,0
1657,7,0
1251,17,0
1194,110,0
1496,68,1
1434,118,0
423,206,1
1059,129,0
2067,201,0
920,183,0
1873,193,0
726,244,0
998,68,1
1358,206,1
1745,289,0
2230,68,1
149,81,1
834,130,0
115,209,0
872,123,0
635,239,0
1713,68,1
1331,52,1
2302,68,1
1241,43,1
676,13,1
1537,19,0
453,211,1
1583,202,0
2295,237,0
1606,161,1
239,239,1
293,82,1
267,202,0
548,13,1
1515,77,0
1880,282,0
439,1,0
231,43,1
1597,68,1
1692,43,1
1631,89,0
798,50,1
55,215,0
1807,239,1
343,37,1
1474,248,0
1751,239,1
1607,217,0
953,108,1
865,61,0
810,91,0
1982,132,0
1991,270,1
1040,139,0
87,37,1
553,229,1
652,86,1
2229,189,1
137,132,1
1169,13,1
1296,0,1
2294,68,1
908,239,1
338,269,1
1850,47,0
1648,220,1
1091,206,1
269,237,1
895,250,0
455,123,0
717,174,0
856,291,0
385,237,1
1103,179,1
1819,33,0
473,43,1
1248,208,0
685,231,0
475,162,1
1295,60,0
1775,14,0
1800,13,1
800,13,1
1040,246,0
893,179,1
1753,43,1
2056,117,0
968,66,1
574,288,0
783,65,1
2118,37,1
1785,68,1
1657,131,0
808,261,0
748,47,1
1898,2,0
946,178,1
778,35,1
1984,68,1
2033,269,1
1942,48,0
1172,54,1
2047,271,0
59,24,0
177,58,1
1739,269,1
1993,226,0
748,13,1
1271,273,0
2267,130,0
1590,23,1
1451,259,0
434,121,0
1536,199,0
13,25,1
553,199,1
850,291,0
1872,72,0
738,239,1
453,110,1
1155,43,1
2254,121,0
392,56,0
1605,229,0
1987,58,1
797,217,0
2320,57,1
1560,240,1
349,158,1
767,130,0
372,37,1
386,212,0
1495,108,1
699,286,1
1472,161,1
480,107,0
2281,21,0
654,168,0
666,110,0
1305,160,1
1657,2,0
968,81,1
2011,56,1
1694,0,0
1377,283,1
1843,97,0
1081,198,0
1049,288,0
947,162,0
546,174,0
2273,246,0
19,270,1
172,164,0
1169,75,0
688,67,0
1118,43,1
1041,68,1
262,266,0
1046,31,0
647,47,0
1594,165,1
684,138,0
187,233,0
1734,32,0
1889,47,0
631,223,1
966,209,0
1449,161,1
398,271,1
968,123,1
1350,57,1
1156,244,0
461,153,0
1901,161,1
2232,85,0
990,117,1
1059,249,0
657,13,1
1813,184,0
909,39,1
1117,160,1
569,13,1
665,13,1
184,5,1
1529,135,0
363,286,1
2219,66,0
1958,220,1
543,68,1
833,100,0
12,80,0
563,13,1
1456,211,1
246,190,0
2067,108,1
1507,204,0
1253,161,0
1010,286,1
1837,12,0
242,30,0
1099,21,0
59,68,1
1579,222,1
2242,269,1
607,13,1
608,20,0
1676,84,0
2238,37,1
22,13,1
826,117,0
1588,93,1
221,108,1
1797,13,1
57,118,0
1179,61,1
1995,77,0
1509,223,1
2105,73,1
207,117,0
535,202,0
2022,37,1
572,258,0
1191,50,1
1964,161,1
392,240,1
907,115,0
2205,187,0
503,28,0
2015,276,0
1482,37,1
517,195,0
1341,26,0
856,185,0
749,91,1
830,65,0
409,56,0
1040,91,1
2049,52,1
932,128,0
1750,240,1
208,289,0
1898,42,0
2010,84,0
546,68,1
2194,13,1
1646,119,0
1488,163,0
1610,24,1
1386,37,1
1626,71,0
1997,25,0
2301,262,0
523,292,1
1240,57,1
324,37,1
1807,217,0
1843,254,0
616,229,1
119,229,0
2084,140,0
1836,187,0
1496,266,0
1705,50,1
364,239,1
1299,236,1
1551,80,0
835,271,0
1376,160,1
1958,13,1
373,123,0
177,129,0
2270,13,1
1158,243,0
1241,257,1
79,126,0
2034,161,1
1610,235,0
2316,28,0
2051,201,0
398,274,0
271,253,0
1940,208,0
231,37,1
1989,57,1
2017,175,0
238,220,0
47,178,0
2318,257,0
1409,170,0
1634,109,1
1145,178,0
1862,173,1
1513,50,1
1365,79,0
292,244,0
302,157,0
931,208,1
656,13,1
2140,158,0
1645,266,0
1472,82,1
1016,207,0
2005,13,1
1241,206,1
144,229,1
670,185,0
1341,37,1
731,151,1
2230,242,0
1022,81,1
2246,57,1
491,111,0
411,59,0
448,250,0
2128,93,0
546,200,0
186,253,0
2089,26,0
1243,228,0
1607,91,1
139,229,1
1612,167,0
2290,220,1
1927,77,1
1068,178,0
1010,72,0
306,52,1
965,189,1
1063,275,0
459,121,0
1093,53,1
1943,24,1
20,186,1
2066,41,1
286,88,1
251,23,1
266,123,0
1512,37,1
270,167,1
429,223,1
2051,218,1
11,25,1
391,52,1
2256,37,1
1615,69,0
2306,269,1
719,115,0
1160,145,1
622,73,0
1291,124,0
554,217,1
651,43,1
1997,37,1
914,270,0
964,286,1
1057,13,1
439,94,0
855,55,0
1241,5,1
1095,151,1
1206,68,1
916,43,1
1003,68,1
298,107,0
1258,37,1
1879,54,0
1739,47,1
73,227,0
806,66,0
535,234,0
1272,57,1
1334,224,0
1791,161,1
1954,201,0
414,9,0
2256,268,0
1524,47,1
1414,68,1
40,50,1
2148,222,0
1993,258,0
232,30,0
1066,82,1
903,275,1
712,205,1
432,245,0
1753,206,1
2148,38,0
1375,255,1
1059,37,1
304,41,0
1983,211,1
1016,138,0
774,151,1
1459,223,1
879,187,0
2068,23,0
269,251,0
1095,37,1
387,176,0
2307,96,0
1729,257,0
887,37,1
800,69,0
702,234,1
664,10,0
455,254,1
1008,37,1
1496,277,0
2141,57,0
2120,60,0
431,37,1
489,212,0
1905,174,0
584,130,1
1894,270,0
1692,111,0
326,13,1
2117,117,0
213,98,0
976,13,1
1913,91,1
1588,59,0
1465,170,1
67,124,0
524,279,0
87,266,0
1322,102,0
2261,174,0
993,40,0
48,160,1
422,47,1
138,123,1
1174,206,1
145,251,0
1892,184,0
2258,115,1
662,274,0
976,166,0
2055,71,0
608,13,1
1526,76,0
63,161,1
353,226,0
30,229,1
292,206,1
371,30,0
343,78,0
519,239,1
1783,138,1
865,165,0
804,57,1
1701,27,0
584,270,1
2208,126,0
991,75,0
1258,143,0
1024,228,0
1493,158,0
969,66,1
964,43,1
1524,275,0
1378,123,1
1256,91,1
1390,132,0
1439,78,0
2272,47,1
1854,62,0
1006,137,1
964,47,1
1157,43,1
1165,165,1
316,68,1
800,155,1
1528,285,1
544,37,1
588,170,0
894,13,1
2273,47,1
1160,267,1
436,260,0
160,43,1
219,108,1
15,234,0
1274,167,1
1458,68,1
1694,206,1
696,87,0
1382,221,1
1658,129,1
506,68,1
1064,209,0
1181,64,0
979,68,1
841,56,1
823,258,0
1190,243,1
720,211,1
1467,125,0
1304,109,0
654,234,0
1767,52,1
2231,190,0
1612,173,0
1815,289,0
1338,13,1
698,161,1
520,47,1
539,50,1
779,123,0
2237,84,0
1704,273,0
461,4,0
1147,223,1
965,223,1
490,43,1
1543,239,1
1020,84,1
90,174,0
1077,155,1
1120,40,0
1469,85,1
1004,133,0
1947,96,0
956,70,0
1677,37,1
1639,151,1
1948,78,0
1095,282,1
827,260,0
2229,141,0
1974,260,0
734,118,0
1948,156,0
1009,110,0
425,186,0
723,211,0
596,137,0
969,47,1
842,58,1
1757,67,1
6,82,1
711,247,0
2228,56,1
1741,42,0
2237,218,0
34,13,0
1197,229,1
1881,205,0
2040,32,0
1820,275,0
325,13,1
809,57,1
174,58,1
89,37,1
289,140,0
1427,24,1
2010,185,0
859,37,1
2265,68,1
939,241,0
1796,123,1
442,222,1
1117,91,1
2288,179,1
944,13,1
272,167,1
599,271,1
324,239,1
743,43,1
1170,223,0
982,186,0
141,169,1
1902,161,1
1903,157,0
2049,37,1
1221,67,1
672,63,1
2308,37,1
964,8,1
1192,218,1
573,13,1
1883,54,1
1723,46,1
2260,25,0
2225,125,0
1550,184,0
1106,165,1
318,173,1
2243,200,0
709,268,1
1179,193,0
39,79,0
1291,246,0
49,37,1
72,65,0
1095,94,1
1229,100,0
100,33,0
176,190,0
886,37,1
74,260,0
881,267,1
1085,37,1
180,175,0
2000,211,1
1314,66,1
317,211,1
472,96,0
1510,91,1
304,42,0
860,43,1
59,233,0
1242,2,0
2035,68,1
1395,78,1
688,74,0
841,207,0
1583,118,0
177,77,0
2041,178,0
1175,53,1
634,281,0
338,43,1
997,223,1
801,246,0
1698,50,1
1109,237,1
1277,84,0
312,247,0
209,174,0
545,50,1
2316,13,1
1577,220,1
1224,160,0
804,56,1
1341,32,0
457,164,0
618,148,0
854,47,1
2185,184,1
553,82,1
1880,66,1
316,23,1
2117,286,1
2191,269,1
1124,284,0
2248,203,0
1606,50,1
711,195,0
2279,57,0
256,50,1
30,56,1
1028,82,1
365,130,0
1724,207,0
13,58,1
197,221,0
567,104,1
562,245,0
1576,58,1
191,81,0
1934,50,1
1499,131,0
1615,13,1
1494,190,0
970,43,1
1447,72,0
1638,90,0
1213,227,0
1157,47,1
321,43,1
1587,4,0
2214,37,1
443,269,1
85,260,1
731,189,1
574,208,0
1745,32,0
1551,151,1
2317,251,1
833,223,1
812,179,0
2047,52,1
715,175,0
440,42,0
461,81,1
74,132,0
961,223,0
1117,5,1
1892,195,0
449,273,1
1397,229,1
588,13,1
777,157,0
26,102,0
586,271,1
2241,49,1
1621,43,1
1524,95,1
1838,257,0
1649,66,0
565,166,0
1045,75,0
1417,248,0
1048,156,1
554,104,1
615,154,0
2157,228,0
584,47,0
1152,199,1
658,13,1
865,138,0
559,76,0
2283,94,1
1117,223,1
1474,218,0
1082,30,0
1133,123,1
2170,248,0
1764,269,1
2208,178,0
374,19,0
1812,211,1
1811,211,1
499,117,0
124,5,1
2047,50,1
1843,47,0
792,248,0
2114,119,0
1992,268,1
627,47,0
1676,233,0
337,187,0
2134,125,0
1968,99,0
293,230,0
419,13,1
1819,282,1
1175,67,1
622,229,1
2259,43,1
1768,206,1
1860,77,1
2231,135,0
1941,220,1
884,81,1
1210,16,0
405,139,0
1182,95,1
1847,115,1
1237,283,1
1502,67,1
1834,87,0
2268,215,1
2048,50,1
314,229,1
1041,223,1
990,164,0
1620,223,1
891,117,0
1871,223,1
2076,123,0
396,151,1
312,88,0
1993,268,1
1769,43,1
1377,10,1
999,102,0
2244,86,0
385,139,1
1629,176,0
345,31,0
808,57,1
301,72,0
1342,37,1
1802,223,1
1938,68,1
568,271,1
1745,3,0
300,59,0
558,271,1
611,35,1
1145,258,0
1975,39,0
964,206,1
1967,79,0
445,43,1
1601,37,1
555,61,0
1245,206,1
2186,206,1
1192,78,1
851,20,1
1000,61,1
1480,286,1
878,217,0
2281,196,0
1770,50,1
451,58,1
13,151,0
1782,93,0
2208,60,0
1477,161,1
851,81,1
1715,194,0
1091,146,1
666,93,0
2052,24,1
1530,286,1
255,50,1
1872,239,1
185,16,0
837,223,1
1242,5,1
272,103,0
1351,78,0
1336,57,1
1823,47,1
907,175,0
2168,80,0
1175,154,1
831,6,0
406,248,0
1524,53,1
1615,160,0
885,277,0
1431,130,1
582,199,1
944,255,0
994,108,1
418,87,0
1242,211,1
1178,165,1
1119,206,1
242,267,1
725,267,1
1796,30,1
1504,108,1
1746,241,1
925,46,1
1173,181,0
975,43,1
690,13,1
1340,67,1
1091,179,1
1031,220,1
448,115,1
1027,123,0
722,196,0
956,213,1
1032,168,0
344,115,0
166,185,0
1807,43,1
2184,1,0
628,208,0
1753,37,1
2301,33,0
1536,68,1
906,18,0
467,150,1
1016,68,1
1127,285,0
944,288,0
115,68,1
566,259,0
882,270,0
8,123,0
1596,229,0
1388,130,0
678,260,0
1652,43,1
1100,60,0
1367,44,0
817,69,0
1729,150,1
1777,223,1
1171,13,1
1039,37,1
1683,52,1
1295,189,1
1248,75,0
2194,242,1
1593,37,1
465,273,0
1163,165,1
1095,179,1
1179,110,0
653,144,0
790,131,0
1618,222,1
661,278,0
941,234,0
575,229,1
989,190,0
124,37,1
1669,235,1
1070,115,0
2205,185,0
1648,206,1
947,118,0
1306,253,0
2313,124,0
1728,107,0
934,128,0
534,96,1
1794,171,1
859,209,0
1175,81,1
2200,247,0
1867,165,0
2016,55,0
1886,217,0
1245,130,0
581,270,1
1648,37,1
2289,220,1
372,206,1
2244,68,1
1722,177,0
1232,138,0
1308,210,1
1188,239,1
48,86,0
2135,111,0
2305,47,1
1158,179,1
2240,42,0
1055,267,1
89,174,0
1689,211,1
2214,158,0
718,39,1
2009,37,1
1309,28,0
1241,211,1
941,162,0
1289,179,1
155,217,0
792,42,0
1628,249,0
17,82,1
1149,50,1
1394,159,0
1471,94,0
1060,248,0
381,13,1
228,31,0
864,186,0
1863,80,0
2143,248,0
370,206,1
2289,145,0
811,119,0
1812,175,0
1807,5,1
1374,162,1
75,110,0
1392,250,0
39,141,0
1175,47,1
1101,199,0
1862,38,0
1989,68,0
1700,254,0
715,43,1
1760,2,0
25,222,1
49,253,0
130,221,0
1822,215,0
765,145,0
1577,180,0
881,246,0
2268,164,0
393,234,0
426,63,0
1589,250,0
202,192,0
1698,207,0
628,260,0
317,264,0
1866,277,0
1117,51,1
2170,191,0
969,239,1
2303,35,0
399,32,0
585,155,1
980,53,0
1215,65,0
1857,56,1
137,98,1
1965,217,0
811,182,0
692,38,0
561,14,1
1543,43,1
2056,53,1
554,199,1
1850,252,0
262,242,0
944,284,0
2266,68,1
615,13,1
2124,229,1
933,204,0
474,9,0
683,285,1
244,43,1
306,13,1
1000,108,1
1662,54,1
1174,275,0
1157,50,1
698,201,0
291,91,1
996,124,0
4,58,1
1009,286,1
902,91,0
1700,137,0
2022,206,1
388,148,1
1855,201,0
1865,131,0
1931,224,1
1431,166,0
203,289,0
21,13,1
263,17,0
618,18,0
925,279,1
135,1,0
579,13,1
385,267,1
497,139,0
2225,206,1
1949,199,0
1024,50,1
1629,43,1
128,239,1
1200,223,1
1897,227,0
1851,59,0
905,104,0
1646,124,0
1303,139,0
19,52,0
12,255,0
52,158,0
476,70,0
2195,258,0
1638,37,1
1412,98,0
1531,112,0
303,141,0
2214,76,0
777,197,0
833,91,1
1323,221,0
1524,161,1
1078,256,0
2313,270,1
1425,43,0
1232,47,1
1624,67,1
613,226,0
1851,290,0
1871,161,1
509,43,1
925,164,0
191,68,1
1674,224,1
337,260,0
844,50,1
2314,43,1
1055,270,0
1797,246,0
1850,153,0
361,229,1
1554,122,0
1620,50,1
1716,23,1
1076,21,0
1241,160,1
783,37,1
1405,286,1
270,166,1
238,68,1
330,211,1
1872,223,1
2139,109,1
2277,240,1
1025,7,0
218,239,1
1458,91,1
530,37,1
1086,249,0
536,188,0
1407,197,0
370,37,1
1669,24,0
1699,103,0
1725,68,1
1269,50,1
1268,68,1
1989,212,0
286,183,0
1861,286,0
1695,239,1
392,183,0
1608,5,1
239,91,1
1893,166,0
1110,67,1
1615,278,0
1853,136,0
709,174,0
1513,108,1
2136,13,1
1575,164,0
413,112,0
547,50,1
288,30,0
1727,224,1
1556,37,1
320,37,1
1008,158,0
228,281,1
454,26,0
2223,13,1
97,150,1
769,133,0
1796,257,1
265,103,0
2247,271,0
327,54,0
457,94,1
2006,165,0
540,270,0
1858,183,0
851,267,1
265,178,0
2182,251,0
321,5,1
1415,204,0
1474,204,0
301,183,0
1984,97,0
269,150,1
1846,81,1
367,213,1
167,208,0
2113,184,0
965,50,1
1741,47,1
2238,92,0
1013,161,1
1420,84,1
1986,43,1
1637,100,0
448,203,0
250,258,1
151,81,1
1160,277,0
2304,269,1
1110,40,0
173,255,0
988,81,1
646,43,1
1940,82,1
657,5,0
1126,110,0
209,206,1
219,245,0
132,239,1
1797,123,1
1953,267,1
1758,56,0
484,99,1
1669,33,0
948,151,1
1535,271,0
743,67,1
1568,2,0
699,224,1
80,37,1
1125,123,1
1507,91,1
1248,206,1
1020,187,0
1346,59,0
2271,158,1
1584,37,1
1986,206,1
983,31,0
1822,53,1
88,70,0
1908,127,0
2160,200,0
447,258,0
530,126,0
1723,227,0
2009,43,1
716,37,1
1701,71,0
75,223,1
88,37,1
1231,47,1
692,187,0
1536,100,0
1466,241,0
70,66,1
1737,68,1
1613,104,1
1175,108,1
711,259,0
2045,124,0
646,65,0
1237,157,0
367,285,1
937,267,1
500,82,1
1653,50,1
998,135,0
820,272,0
1062,151,1
113,269,1
811,54,0
2114,201,0
2116,73,0
1529,52,1
803,110,0
1993,154,0
1098,193,0
338,37,1
1815,159,0
13,82,1
291,43,1
997,179,1
1884,206,1
1761,92,0
1117,43,1
2005,141,0
1690,5,1
1738,266,0
683,276,0
1873,223,1
655,41,0
158,270,0
1872,220,0
1665,254,0
483,99,1
892,260,0
127,50,1
515,282,1
23,262,0
1678,155,0
1727,99,0
525,199,1
972,97,0
82,97,1
1640,179,1
1259,28,0
1175,43,1
2250,248,0
711,82,1
171,52,1
565,226,0
1608,224,1
1862,186,0
1031,81,1
565,273,0
2254,97,0
447,58,1
45,160,1
1626,192,0
1890,179,1
1821,50,1
902,199,1
1031,190,0
2084,271,0
430,223,1
1657,166,0
1977,216,0
1951,13,1
726,267,1
413,205,0
1433,116,0
835,61,1
1725,47,1
1548,266,0
2171,97,0
1540,225,0
1320,270,1
1795,231,0
446,276,0
1266,91,1
2261,206,1
72,43,1
1433,32,1
1748,161,1
1998,37,1
508,50,1
903,167,0
340,43,1
941,13,1
1095,43,1
278,190,1
1161,224,1
93,87,0
1000,59,0
239,43,1
1280,213,0
1684,16,0
1164,237,1
1792,43,1
572,48,0
105,81,0
1671,235,1
1190,43,0
2044,143,0
1095,67,1
672,282,1
62,39,0
208,277,0
1349,56,0
1241,263,1
960,194,0
1041,37,1
1451,161,1
340,223,1
1443,5,0
1013,25,0
2170,50,1
867,148,0
184,239,1
661,167,0
1585,73,0
566,258,0
1990,19,0
346,263,1
1584,229,0
788,37,1
1640,68,1
2121,268,0
231,276,0
725,74,0
537,139,0
1508,91,1
1906,208,1
1616,155,1
2164,268,1
626,13,1
2001,91,1
434,202,0
921,19,0
1849,229,1
418,24,0
2092,210,0
696,24,0
258,228,0
7,81,1
535,254,0
1206,67,1
36,278,0
1905,208,1
1908,104,0
581,145,0
1141,277,1
1575,15,0
1131,123,1
1167,270,0
370,2,0
789,206,1
1664,243,0
271,223,1
135,159,0
1990,57,1
178,272,0
1884,32,0
446,122,0
1475,128,0
1958,47,1
188,139,0
1724,286,1
1541,40,0
498,148,1
1132,123,1
2085,108,1
1820,198,0
367,5,1
2072,93,0
696,161,1
711,196,0
341,83,0
1052,161,1
1177,52,1
1739,37,1
368,233,0
964,288,1
990,70,0
992,175,0
798,84,0
1842,84,0
490,71,0
1977,118,0
2213,13,1
286,69,0
2095,9,0
181,188,0
1508,161,1
347,179,1
1351,280,0
1560,43,1
676,141,0
1435,13,1
1701,238,0
1624,143,0
1435,27,0
16,177,0
1073,141,0
1437,242,0
1263,196,0
385,241,1
571,13,1
669,5,1
1604,86,0
1239,125,0
115,200,0
881,187,0
1581,117,1
312,158,0
1384,195,0
964,224,1
62,275,0
353,81,1
717,37,1
850,171,0
1400,43,1
669,239,1
965,179,1
1173,102,0
1398,203,0
2109,92,0
795,13,1
2208,141,1
581,271,1
1130,287,0
2144,206,1
1422,220,0
1553,240,0
851,286,1
1834,17,0
791,81,1
1669,234,0
2051,44,0
2033,83,0
1006,205,1
1167,224,1
338,121,0
1502,102,0
1285,193,0
491,165,0
1326,276,0
866,240,0
1855,229,1
2282,30,0
1139,30,0
1535,37,1
258,282,1
661,51,0
741,40,0
1871,249,0
965,149,1
974,206,1
532,67,1
1761,217,0
1404,134,1
1127,250,0
1205,220,1
1566,211,1
2149,140,0
612,179,0
865,173,0
430,97,0
1661,229,1
1461,193,0
1166,165,1
1712,55,0
1089,53,1
278,276,0
665,242,0
1381,234,0
1229,95,1
1749,92,0
1916,46,1
1393,206,1
1606,228,0
844,43,1
1099,266,0
2063,268,0
1788,221,0
574,13,1
340,122,1
1460,37,1
340,179,1
880,151,1
1001,61,1
1015,172,0
1169,244,0
1054,243,1
594,17,0
2077,269,1
334,148,0
1278,244,0
2026,79,0
1821,207,0
2121,43,1
61,37,1
1319,138,1
190,68,1
2199,37,1
1098,143,0
1547,272,0
626,233,0
2220,209,0
1661,54,1
2098,31,0
895,183,1
1352,50,1
716,239,1
1175,69,1
926,77,0
1848,78,0
771,203,0
1664,256,0
699,239,1
965,262,1
1331,138,0
366,184,0
351,269,1
1374,255,1
1264,91,1
273,227,0
2011,291,0
2044,108,1
2002,37,1
2209,262,0
2124,51,0
1946,82,1
436,50,1
392,5,1
1236,283,1
865,198,0
1650,47,1
987,37,1
446,58,1
516,38,0
1526,223,1
1269,178,0
1605,100,0
1169,254,0
2266,220,0
1918,175,0
1018,86,0
503,265,1
1168,3,0
2296,190,1
745,148,1
964,117,1
655,241,0
1559,11,0
1091,43,1
2213,24,1
336,96,0
176,174,0
1092,268,0
216,111,0
1251,286,1
329,51,0
1771,0,0
1940,126,0
1662,51,1
1936,79,0
885,81,1
716,184,0
1263,73,0
2212,194,0
2008,43,1
136,202,1
322,267,1
391,257,0
1158,253,0
1366,82,1
1418,83,0
2299,196,0
619,78,1
1407,94,1
1346,21,0
136,192,0
362,37,1
1388,133,0
790,13,1
1852,229,1
1498,43,1
2055,107,0
1565,107,0
2320,94,0
1967,13,1
2102,239,1
1254,53,1
364,5,1
422,65,0
77,148,0
2184,184,1
846,52,1
1213,233,0
2108,206,1
277,158,0
269,68,1
1042,243,0
125,235,0
414,13,1
2284,5,1
390,267,1
179,133,0
704,223,1
1471,198,0
2184,101,0
1603,90,0
1158,279,1
702,84,0
329,66,0
1770,43,1
463,228,0
1648,16,0
1156,142,1
158,14,0
581,186,0
22,289,0
1634,157,0
1485,113,1
992,160,1
105,46,0
1082,23,1
73,229,0
674,197,0
1864,211,1
1250,93,0
1325,196,0
147,276,0
840,253,0
964,262,1
932,107,0
1855,226,0
830,289,0
1099,162,0
912,37,1
2288,223,1
741,37,1
635,257,1
1838,161,1
1176,220,0
2089,37,1
235,37,1
612,13,1
1743,37,1
1609,51,1
2041,25,0
1810,32,0
2267,208,0
1380,30,0
1405,37,1
1345,37,1
1446,239,1
1697,43,1
1187,108,1
1515,81,1
1073,19,0
2098,228,0
964,189,1
1794,169,1
1473,220,0
1612,211,0
1589,253,1
986,220,1
1751,249,0
1115,138,0
562,163,0
344,47,1
895,63,0
96,5,1
1917,58,1
527,199,1
1116,245,0
581,82,1
1095,109,1
578,271,1
1740,223,1
40,43,1
651,206,1
1621,50,1
522,241,0
1646,3,0
263,47,1
135,132,0
97,121,0
1669,131,0
1524,61,1
452,110,1
1108,37,1
2002,69,0
1400,37,1
224,90,0
1246,101,1
351,67,1
638,197,0
1528,221,0
30,115,1
2209,98,1
1680,206,1
12,4,0
1035,81,1
147,37,1
1428,155,0
1696,239,1
2042,47,1
850,13,1
1732,56,1
1611,288,0
458,175,0
145,46,1
1343,70,0
1975,136,1
424,144,0
2284,157,0
2281,39,0
349,170,0
837,267,1
341,50,1
172,228,0
1365,234,0
488,37,1
1355,19,0
2134,120,0
625,229,1
1915,204,0
229,246,0
1466,5,1
1155,51,1
1219,267,1
1261,103,0
931,183,0
2008,100,0
2022,223,1
822,47,1
596,97,0
539,121,0
1178,154,1
1119,74,0
1291,118,0
994,227,0
2269,82,1
99,149,1
1091,5,1
617,186,0
1279,276,0
865,62,0
1379,81,1
1324,161,1
1117,37,1
625,146,0
2121,37,1
2118,286,1
1501,47,1
2290,140,0
1224,250,0
804,75,0
1662,50,1
270,37,1
1352,269,1
1443,29,0
1391,37,1
1223,84,1
2101,187,0
916,50,1
1004,68,1
2186,42,0
1529,239,1
1596,259,0
1211,117,0
514,102,0
1640,31,1
316,36,1
469,37,1
639,115,0
1250,37,1
189,269,1
687,164,0
64,206,1
1405,206,1
782,141,0
607,271,1
1657,129,1
1989,191,0
181,200,1
1334,56,1
551,13,1
1369,215,0
296,135,0
2071,66,1
742,190,0
1145,68,1
1322,61,0
159,283,1
607,48,0
186,229,0
2163,147,0
945,243,0
673,67,1
320,241,1
669,43,1
1330,170,0
800,123,1
1651,198,0
923,46,1
717,206,1
1353,134,1
1580,5,1
824,242,0
604,141,0
993,211,1
1018,77,1
137,171,0
842,62,0
858,121,0
1609,68,1
424,20,1
575,14,1
1863,211,1
2309,254,0
1425,115,1
769,196,0
1128,123,1
1967,42,0
91,282,1
1800,47,0
531,239,1
2315,206,1
1891,229,1
1386,70,0
470,239,1
365,155,0
797,175,0
591,13,1
1101,68,1
219,60,0
167,80,0
1813,95,1
1163,93,0
1931,132,0
929,254,1
1714,187,0
111,206,1
1666,190,1
803,59,1
553,13,1
646,233,0
669,241,0
1459,37,1
1576,115,1
121,166,0
104,268,1
393,5,1
1205,63,0
2197,52,1
1676,206,1
300,43,1
1450,82,0
339,13,1
2317,61,0
1909,68,1
1421,13,1
403,227,1
577,100,0
629,272,0
291,58,0
2104,206,0
1207,95,1
751,150,1
492,20,0
142,222,0
593,229,1
1054,252,0
238,198,0
70,224,1
1095,206,1
1568,58,1
899,109,1
1166,272,0
968,179,1
473,129,0
484,252,0
902,58,1
389,134,0
1673,88,0
651,5,1
200,49,0
1522,37,1
1206,24,0
964,285,1
561,54,0
1530,157,0
1708,37,0
15,56,1
1197,219,0
1637,11,0
820,68,1
46,160,1
1932,97,0
1326,21,1
2233,251,0
646,47,1
637,43,1
2161,270,1
789,267,1
1715,96,0
2133,126,0
1184,37,1
580,13,1
1001,108,1
866,110,0
2048,18,0
1241,47,1
1949,179,1
1190,81,1
2015,239,1
509,87,0
336,207,0
1763,47,1
684,37,1
2273,160,1
1758,223,1
1220,202,0
346,32,0
1970,260,0
358,83,0
320,68,1
1218,224,1
437,162,1
327,132,0
1867,26,0
1546,286,0
313,253,0
291,37,1
1835,206,1
1513,71,0
1304,162,0
862,64,0
1622,235,0
251,158,0
1937,68,1
269,37,1
598,13,1
419,29,0
1645,65,0
2249,246,0
1754,115,0
208,243,1
1901,192,0
1986,37,1
2017,138,0
1317,82,0
1904,106,0
700,228,0
1241,13,1
1312,266,1
1566,127,0
1494,26,0
1185,131,0
1603,270,0
1916,141,0
1910,68,1
1860,123,1
2055,37,1
1018,172,0
1460,151,1
1837,203,0
710,41,0
1804,224,1
1768,54,1
919,86,0
54,71,0
206,50,1
1435,48,0
2311,22,0
972,37,1
1746,52,1
965,220,1
2250,251,0
1110,3,1
795,268,1
2004,282,1
111,16,0
1323,52,1
1713,97,0
366,5,1
1857,52,1
469,285,1
2318,142,0
50,61,1
619,229,1
425,37,1
1401,241,0
1734,45,1
639,84,0
1078,229,1
308,110,0
1926,222,0
555,13,1
1103,206,1
691,257,0
206,83,0
229,178,0
73,240,0
126,146,1
281,52,1
1540,40,0
569,280,0
1173,54,1
835,211,1
896,37,1
2281,68,1
1409,82,1
1320,163,0
1151,55,0
2230,43,1
1724,15,1
1521,239,1
757,58,1
706,68,1
2023,267,1
538,110,0
201,46,0
1138,273,0
179,77,0
1237,132,0
1203,220,1
2159,239,1
2040,211,1
1095,108,1
1796,37,1
965,37,1
461,258,0
1512,53,1
1579,93,0
1707,50,1
1572,125,0
177,159,0
1636,269,1
1118,246,0
1617,245,0
474,13,1
2068,108,1
1,56,1
2135,176,0
1684,20,0
301,58,0
22,66,0
1508,223,1
6,198,0
793,13,1
1797,233,0
10,163,0
584,13,1
1241,269,1
2227,43,1
32,152,0
1580,239,1
944,263,0
2209,132,1
1976,207,0
258,185,0
2260,131,0
1411,215,0
73,56,1
1381,94,0
249,233,0
1075,152,0
366,245,0
456,107,0
584,197,0
903,81,1
264,37,1
2148,14,1
1692,199,0
932,115,0
1048,183,0
1604,249,0
583,229,1
2182,212,0
1915,246,1
1251,125,0
1528,5,1
558,229,1
1934,43,1
1188,186,0
1957,82,1
316,43,1
1122,61,0
968,91,1
175,219,0
283,269,0
378,85,0
830,233,1
2195,50,1
2098,30,0
1241,81,1
585,14,1
1651,281,0
2288,161,1
1241,57,1
96,203,0
1524,265,1
715,247,0
783,206,1
1257,187,0
567,170,0
736,268,1
1377,102,0
1000,47,1
977,15,0
624,53,0
100,64,0
1858,267,1
1283,173,1
65,35,0
1473,253,0
1164,18,0
2303,25,0
564,13,1
328,13,1
1570,268,0
1583,0,0
304,139,0
560,50,0
316,239,1
1414,37,1
1314,167,0
624,229,1
302,13,1
66,68,1
1240,55,1
831,78,1
259,206,1
964,211,1
1968,13,1
1614,104,1
1034,188,0
791,82,1
1753,108,1
1021,229,1
316,211,1
2211,269,0
310,72,1
30,243,1
1176,206,1
697,108,1
1831,256,0
541,245,0
554,155,1
610,13,1
1722,73,1
305,13,1
212,239,1
576,45,0
1524,108,1
259,259,0
351,158,1
1095,205,1
1331,220,0
2195,275,0
1725,67,1
1471,262,0
983,245,0
1711,203,1
891,107,0
1581,37,1
585,13,1
1147,241,0
501,207,0
1378,47,0
1045,93,0
2094,13,1
1098,189,0
1773,230,1
2270,229,1
1704,117,0
987,161,1
1086,13,1
851,223,1
1025,102,0
1331,12,0
1214,43,1
1138,229,1
1513,267,1
594,38,0
1483,151,1
716,30,0
733,246,0
1539,14,0
719,211,1
891,84,0
2285,21,0
407,13,1
379,69,0
1619,50,1
448,177,0
2216,139,0
535,174,0
2095,282,0
640,82,1
1775,86,0
316,5,1
169,225,1
1293,68,1
1369,170,1
549,13,1
1462,115,0
856,204,0
2188,159,0
28,97,0
394,5,1
1661,206,1
2281,32,0
1614,225,0
1241,30,1
1154,247,0
361,37,1
1343,206,1
1782,140,1
556,241,0
1401,227,0
647,123,1
919,266,0
1919,102,0
1241,6,1
1721,58,1
2033,207,0
1761,47,1
960,264,0
1365,66,0
1731,140,0
1254,37,1
953,251,0
1473,37,1
1537,32,0
2006,74,0
1273,150,0
99,268,0
55,223,1
232,209,0
520,239,1
722,68,1
1245,286,1
576,137,0
493,108,1
1695,5,1
1455,43,1
2138,13,1
958,53,1
41,68,1
1751,253,0
1610,237,0
1299,224,1
1883,98,0
499,272,0
1507,223,1
903,171,0
320,43,1
1142,208,0
850,274,0
1963,134,0
1350,206,0
2257,258,0
1779,37,1
670,56,0
698,218,0
397,211,1
720,158,0
1548,269,0
693,282,1
1581,174,0
1233,181,0
1285,6,1
102,135,0
794,13,1
1914,179,1
262,162,0
2179,47,1
1456,130,0
218,192,0
1634,248,0
1356,172,1
1424,178,0
678,69,0
1818,211,1
1508,241,0
2011,110,0
148,81,1
1460,130,0
900,13,1
461,109,0
1075,229,1
1340,96,0
1088,289,0
864,81,1
1795,284,0
712,264,0
776,214,0
1356,255,1
263,206,1
1957,247,0
1465,47,1
892,191,0
1716,47,1
287,232,1
2005,231,0
339,54,1
1011,21,0
573,199,0
394,47,1
221,235,0
1616,212,1
948,3,0
1002,5,1
840,28,0
1372,269,1
1865,211,1
651,282,1
381,68,0
2083,194,0
891,179,1
2183,58,0
602,117,0
205,50,1
1016,215,0
1150,36,1
189,111,1
1549,28,0
1953,161,1
1059,184,0
1258,30,0
2209,245,0
1763,174,0
973,150,1
1287,56,0
428,133,0
1359,50,1
330,178,0
1028,24,0
1458,37,1
1557,98,0
784,239,1
984,180,0
769,99,0
873,58,0
25,253,0
592,80,0
1240,73,0
1936,68,1
1527,47,1
427,108,1
1336,124,0
260,206,1
1330,138,1
1627,109,1
2284,223,1
638,128,0
769,69,0
815,13,1
1988,56,1
208,273,0
53,223,1
1609,82,1
755,52,1
1342,206,1
481,102,0
38,77,0
900,279,1
1335,281,0
1692,269,1
1676,37,1
851,58,1
1306,15,0
913,51,0
1140,39,1
1025,81,1
361,206,1
1777,98,0
1352,277,0
1692,142,1
1158,142,1
2210,82,1
1869,92,0
1547,276,0
1076,229,1
2013,248,0
2232,131,1
602,112,0
1725,43,1
393,240,1
11,120,0
358,258,0
302,240,0
1057,94,0
1858,155,0
1789,29,0
1000,69,0
925,281,1
1940,119,0
1905,226,0
1730,60,0
1475,124,0
1599,239,1
1309,124,0
779,161,1
25,20,0
942,282,0
1037,272,0
890,249,0
2275,262,0
1556,175,0
554,82,1
932,215,0
778,202,0
2042,114,0
1841,138,0
1893,46,0
77,198,0
1941,153,0
791,211,0
336,95,0
964,282,1
965,267,1
1524,287,1
1028,207,0
1196,229,1
1225,99,0
2218,161,1
1531,61,0
1805,167,0
593,155,1
277,86,1
1783,248,1
427,143,0
2006,226,0
458,177,1
1926,220,0
1468,128,0
731,31,1
2016,42,0
576,271,1
1524,50,1
1871,43,1
1367,239,0
155,239,1
1507,161,1
983,55,0
837,118,0
1425,58,1
124,239,1
113,107,0
1142,289,1
743,68,1
1772,51,1
2201,151,1
1811,33,0
990,160,1
32,229,1
76,162,1
1529,43,1
609,108,0
803,57,1
208,57,0
1810,218,0
1545,208,0
1429,34,1
1635,52,1
878,239,1
52,25,1
1645,43,1
78,179,1
1616,104,1
1603,158,0
765,190,0
2285,208,0
1342,43,1
1996,235,0
1618,3,0
202,96,0
254,161,1
662,226,0
747,43,1
1904,229,1
757,119,0
706,19,0
901,21,0
82,260,0
866,67,0
852,13,1
2312,37,1
2142,37,1
1672,35,0
239,229,1
637,224,1
2061,68,1
332,266,1
355,211,1
1894,124,0
886,73,0
466,200,0
175,13,1
2239,47,1
193,249,0
753,185,0
584,199,1
329,229,1
1156,206,1
1632,43,1
1792,285,1
2200,160,1
1764,176,1
62,37,1
807,57,1
1765,267,1
195,206,0
2144,1,0
2240,211,1
1333,165,1
1482,185,0
672,151,1
538,37,1
169,59,0
1043,155,0
690,248,0
1073,102,0
166,68,1
288,269,1
1688,211,1
923,82,1
1064,88,0
1693,79,0
581,155,1
2009,206,1
244,265,1
1585,273,1
2169,108,1
980,85,0
1065,12,0
766,75,0
2101,248,0
2227,206,1
203,164,0
121,229,1
2194,5,1
1726,215,0
1616,59,0
2275,123,1
2064,50,1
841,72,0
715,68,1
2119,37,1
1739,161,1
575,13,1
312,37,1
471,119,0
1884,54,1
1864,157,0
73,122,0
656,18,0
74,208,0
945,128,0
1210,14,0
364,37,1
459,52,1
1554,26,1
1738,50,1
1480,139,0
1495,193,0
866,82,1
196,95,1
701,241,0
1470,71,0
980,11,0
806,237,0
1091,270,0
2010,115,1
535,96,1
1875,26,0
1322,215,0
2184,165,0
2109,115,1
905,59,0
481,57,0
2089,128,0
349,74,1
2267,83,0
1119,192,0
701,234,1
1203,210,0
664,13,1
1203,63,0
340,68,1
214,227,0
2013,161,1
1340,246,0
1156,279,1
1434,134,0
1782,255,1
673,43,1
1661,223,1
1742,58,1
1860,46,0
1322,235,1
1780,257,0
1233,91,1
926,70,0
557,16,0
227,91,1
614,70,1
244,269,1
1252,199,1
592,276,0
1117,111,1
2141,109,1
1209,97,0
206,183,0
1836,68,1
138,229,1
1939,13,1
772,37,1
1586,268,1
1533,220,1
13,114,1
1105,43,1
723,18,1
875,211,1
1652,82,0
469,43,1
1632,131,0
1874,82,0
492,201,0
1102,42,1
1290,66,0
578,254,0
450,230,0
1030,18,0
1264,68,1
516,266,0
1459,68,1
942,239,0
155,43,1
855,78,1
999,50,1
804,182,0
1035,59,0
1244,176,0
1465,43,1
1759,50,1
0,22,0
438,81,1
1509,91,1
1621,223,1
1013,262,0
1498,37,1
781,196,1
984,81,1
1849,174,0
1948,79,1
1640,253,1
1095,95,1
2285,32,0
730,245,0
624,268,1
2182,264,0
1395,69,0
72,87,0
1075,13,1
774,35,0
687,82,1
810,32,0
477,47,1
865,131,0
1448,291,0
1072,151,0
710,82,1
497,204,0
1918,2,0
1686,108,1
2291,220,0
18,30,0
923,246,1
581,199,1
1179,2,0
667,37,1
386,43,1
374,26,0
1892,206,1
1402,282,0
2079,61,0
1174,54,1
348,158,1
1810,206,1
392,239,1
2245,58,1
330,11,0
249,52,1
1695,155,0
855,157,0
167,150,1
2033,58,0
549,32,0
1392,37,0
1755,286,1
1111,77,0
1110,151,1
1896,13,0
1515,88,0
1611,14,1
1858,219,0
2245,57,1
1075,155,1
675,291,0
2137,115,0
661,261,0
1395,233,1
20,235,0
1494,50,1
119,249,1
640,168,0
1527,39,1
1805,264,1
479,211,1
1287,100,0
413,233,0
2164,267,0
1661,43,1
584,247,1
1996,220,1
905,133,1
754,130,0
1852,19,0
673,68,1
71,160,1
1213,87,0
791,265,0
960,102,0
1548,115,1
1666,110,1
635,23,0
395,80,0
1795,13,1
999,198,0
646,281,1
335,239,1
848,92,0
1963,68,1
893,98,0
1084,23,1
2079,157,1
1017,268,1
1984,266,0
2012,258,0
260,130,0
660,13,1
1041,64,0
2123,164,0
1587,89,1
1822,91,1
1136,231,0
106,57,1
1274,151,1
694,103,0
1690,43,1
2168,189,1
113,125,0
215,239,1
980,162,1
797,50,1
1315,58,1
1124,265,0
459,195,0
351,97,0
34,53,1
2048,37,1
103,131,0
1400,206,1
366,286,1
320,108,1
1651,13,1
1191,260,0
1584,128,0
1819,18,0
1072,269,0
308,53,0
1434,135,0
1158,158,0
1190,56,1
432,211,1
1866,76,0
1098,278,0
254,43,1
634,186,0
2248,138,0
1905,141,1
954,5,1
953,132,0
1180,119,0
735,224,1
329,250,0
1505,139,0
274,171,1
1144,82,1
323,191,0
1595,30,0
899,82,1
853,210,1
817,82,1
2187,259,0
1110,108,1
971,107,0
557,271,1
777,81,1
112,38,0
1416,47,1
130,133,0
1080,37,1
1223,122,0
965,61,1
426,46,0
491,170,0
1596,68,1
2017,82,1
788,206,1
946,133,0
1814,52,1
1241,162,1
1509,229,0
802,278,0
634,13,1
2268,56,1
754,52,1
895,164,0
2213,175,0
1694,269,1
7,159,0
613,60,0
1323,37,1
135,120,0
373,251,0
1965,43,1
1112,66,0
259,50,1
1565,199,0
922,63,1
512,242,0
653,225,0
1467,268,0
1001,47,1
2247,200,1
1458,53,1
865,81,1
952,273,0
951,68,1
759,13,1
568,212,1
566,13,1
805,57,1
1224,13,1
212,102,0
1213,16,0
1514,93,0
1243,17,0
2169,249,0
765,193,0
612,235,0
2213,147,0
1995,218,1
1211,108,1
971,266,0
957,114,0
1532,46,0
354,32,0
982,42,0
965,82,1
1783,73,0
1343,35,0
1665,291,0
1280,52,0
1622,46,1
47,160,1
523,282,1
63,52,1
1117,10,1
1024,47,1
635,24,0
705,261,0
963,43,1
901,58,1
4,216,0
116,173,1
1640,148,1
1335,56,1
902,275,1
1794,167,1
359,241,0
1525,68,1
968,68,1
210,194,0
1221,43,1
945,229,1
1385,246,0
1250,206,1
747,206,1
337,43,1
1557,128,0
1879,98,1
913,111,0
1400,143,0
181,225,0
309,284,0
1997,100,0
712,109,1
1563,129,0
1169,73,0
603,245,0
1091,279,1
560,229,1
735,76,0
125,186,0
1859,4,1
672,267,1
1560,239,1
1188,108,1
2022,212,0
380,19,0
1388,138,0
1495,110,0
215,83,0
430,162,0
1885,224,1
575,243,0
1594,122,1
1115,68,1
1904,2,0
1631,269,1
469,239,1
27,201,0
296,206,1
1351,107,1
2005,252,0
1162,276,0
252,258,0
2247,102,0
1418,179,1
1345,43,1
945,222,0
1297,159,0
1099,272,0
1791,198,0
1415,134,0
1280,148,0
1370,61,1
2135,259,0
2051,132,0
1699,130,1
1061,11,0
2199,244,0
1827,126,0
842,78,0
1212,270,0
1614,13,1
1859,81,1
734,54,1
766,193,1
847,3,0
2071,178,0
2173,207,0
1504,52,1
728,154,0
972,43,1
391,289,0
964,105,1
1158,8,1
1963,161,1
1992,261,0
1735,192,0
222,251,0
1711,249,0
1968,190,1
1791,207,0
1558,13,1
1756,200,0
1394,108,0
1257,161,1
292,91,1
251,223,0
922,191,0
561,199,1
1071,279,0
556,142,0
171,100,0
566,281,0
1785,217,0
1521,259,0
1669,197,0
785,205,0
561,13,1
2263,230,1
712,133,0
1649,239,1
486,229,1
119,14,0
1388,28,0
1806,110,0
879,239,1
2201,237,1
899,283,1
867,270,0
1007,242,0
964,256,1
1072,280,0
1513,47,1
1016,67,1
2218,40,0
1352,224,1
621,13,1
255,187,0
1141,209,0
38,95,1
32,29,0
1808,95,1
2039,160,1
808,260,0
1002,194,0
2264,17,0
1426,278,0
486,79,0
803,56,1
755,286,1
1625,67,1
1743,157,0
226,68,1
849,187,0
380,38,0
6,81,1
1175,160,1
931,143,0
2109,80,0
470,82,0
27,37,1
1417,273,0
862,108,1
1032,82,1
368,81,0
1965,18,0
1217,87,0
954,43,1
856,74,0
1524,222,1
13,17,1
1939,56,1
1626,109,1
792,13,1
28,153,0
1675,37,1
1412,37,1
13,76,1
292,82,0
1615,104,1
2280,25,0
1087,248,0
1455,206,1
447,151,0
868,59,0
323,267,1
239,269,1
2237,128,0
1156,281,1
1465,142,1
1039,68,1
316,13,1
624,244,0
351,161,1
453,37,1
2154,43,1
2319,182,0
1663,252,1
771,96,0
25,143,0
1414,272,0
1091,53,1
40,235,0
540,37,1
747,68,1
203,178,0
1975,193,0
2109,58,1
1125,137,0
2190,133,0
1624,43,1
137,63,0
1524,52,1
1575,263,0
1349,210,0
1649,5,1
585,27,0
1831,123,1
1045,1,0
150,94,0
864,182,0
1438,239,1
180,200,1
2275,52,0
661,91,0
1772,161,1
2311,218,1
998,126,0
1667,234,0
2010,56,1
1010,93,0
549,81,0
1295,260,0
922,82,0
1029,82,1
421,47,1
10,58,1
1935,3,0
1121,99,0
1805,165,0
1824,124,0
222,108,1
1233,65,0
2089,253,0
1515,119,0
2053,24,1
1121,87,0
1356,269,1
1989,235,0
470,289,0
1893,270,1
23,206,1
1807,20,0
985,3,1
1030,116,0
1386,68,1
2098,282,1
1099,33,0
2135,18,0
575,82,1
2269,56,1
1123,123,1
782,94,1
817,227,0
929,96,0
498,167,1
1306,162,0
716,43,1
1411,206,1
672,67,1
1213,102,0
1134,77,1
127,267,1
1978,37,1
845,268,0
9,82,1
439,285,0
1455,13,0
1605,228,0
1984,43,1
1614,14,1
1989,58,1
2139,139,0
509,13,0
1743,43,1
1072,220,1
884,38,0
1987,271,0
317,43,1
1297,50,1
511,2,0
1936,242,0
2162,229,1
820,102,0
1058,132,0
1559,83,0
2248,20,0
1451,228,0
2066,235,0
1524,269,1
1731,291,0
821,55,0
404,109,0
1575,82,1
83,1,0
237,277,0
1595,43,1
453,254,1
1161,266,0
858,37,1
1514,18,0
28,73,0
639,175,0
1675,275,0
14,109,0
1709,243,0
932,162,1
997,68,1
633,13,1
1110,262,1
375,219,0
1769,121,0
892,58,0
13,273,1
423,64,0
1112,145,1
836,19,0
1632,206,1
412,13,1
592,155,1
1008,217,0
1529,174,0
1388,43,1
1548,195,0
1582,199,0
1181,37,1
1553,268,1
1414,269,1
942,2,0
979,84,0
65,189,1
1241,78,1
1228,95,1
226,223,1
2246,58,1
1916,130,0
1376,283,1
1524,37,1
245,37,1
1791,52,1
1933,123,1
305,87,0
207,277,0
2028,269,1
2104,148,0
659,13,1
1241,50,1
347,263,1
595,271,1
66,253,1
981,80,0
14,130,1
2289,101,0
366,285,1
1715,47,1
509,245,0
964,149,1
207,4,1
434,281,1
1464,166,0
2279,102,0
1661,160,1
1249,95,1
1127,123,1
2284,43,1
582,175,0
1696,43,1
31,108,1
461,46,0
807,231,0
452,30,0
451,273,1
1110,25,0
1010,223,1
1780,282,1
616,189,0
1293,91,1
1539,211,1
1757,43,1
565,269,0
1179,75,0
745,40,0
1970,14,0
923,279,1
1486,228,0
461,130,1
12,195,1
182,37,1
2227,212,0
1712,13,1
890,175,0
1794,34,0
1743,206,1
302,138,0
456,52,1
970,5,1
2219,40,0
2104,73,1
1692,53,1
731,274,1
702,81,0
2134,57,0
545,68,1
1882,100,0
1770,65,0
596,177,0
130,282,1
1273,115,1
2287,37,1
972,190,0
728,279,0
1154,60,0
56,223,1
873,197,0
664,175,0
410,50,0
32,221,0
1025,127,0
2074,264,0
605,13,1
2158,108,1
796,155,0
1250,117,0
1643,282,1
1140,277,1
1320,138,1
1861,272,0
629,275,0
1194,134,0
245,206,1
2117,201,0
821,275,0
972,183,0
1710,56,1
867,243,0
532,68,1
2091,244,0
2208,152,0
1874,270,0
1734,54,1
1988,58,1
1667,179,1
523,21,0
112,206,1
1645,37,1
1493,13,1
1380,81,1
188,109,1
2123,229,1
1195,82,0
908,43,1
926,37,1
1590,46,0
915,69,0
2084,108,1
728,14,1
1199,20,0
1052,207,0
811,139,0
1013,11,0
1484,54,1
1967,68,1
20,193,0
685,86,0
653,97,0
1869,25,0
1268,50,1
570,104,1
147,179,1
2230,239,1
2185,151,0
511,77,0
1704,19,0
605,287,0
1470,209,1
1055,57,0
1067,212,0
1049,259,0
2011,115,1
2140,109,1
1926,281,0
1560,37,1
1284,68,1
1086,160,0
1215,177,1
2307,269,1
626,183,0
1971,211,1
964,269,1
422,124,0
1732,115,1
1306,57,0
1498,100,0
2188,206,1
1511,241,1
1780,138,0
1221,125,0
2301,47,1
332,282,0
1964,197,0
201,26,1
900,109,1
610,206,0
1912,245,1
2278,218,0
1422,10,0
1035,86,0
1095,101,1
1297,43,1
1609,67,1
506,192,0
638,285,1
1095,214,1
1187,174,0
1032,81,1
489,215,0
631,260,0
247,161,1
964,61,1
2219,201,0
482,162,0
2117,187,0
2064,206,1
92,242,1
83,37,1
1466,43,1
379,49,0
2092,151,0
213,239,1
640,6,0
1806,220,1
1615,95,0
618,229,1
1870,96,0
1173,246,0
1394,78,1
579,217,1
487,276,0
43,115,0
1205,69,0
712,54,1
1200,121,0
1224,16,0
377,217,0
193,179,1
1977,71,0
789,129,0
255,43,1
2213,37,0
1547,115,1
476,6,1
454,110,1
2005,8,0
586,13,1
366,43,1
2126,108,1
283,95,0
1302,68,1
1065,47,1
914,37,1
1159,43,1
781,149,0
2189,51,1
411,153,0
1637,179,1
567,271,1
470,43,1
1126,123,1
1486,78,0
532,72,0
577,13,1
1582,179,1
1701,130,1
1839,88,0
1000,161,1
2216,47,1
146,224,1
449,119,0
488,193,0
1706,68,1
1064,16,0
1210,161,1
908,273,0
743,241,0
1681,37,1
714,254,0
529,244,1
967,206,1
595,13,1
1240,30,0
1183,208,0
1254,161,1
1244,237,1
314,267,1
969,81,1
1798,37,1
253,160,0
2208,208,1
964,68,1
247,23,0
1175,161,1
2008,206,1
1545,58,1
92,28,1
1434,250,0
544,194,0
1565,68,1
1070,282,1
29,13,1
1531,165,0
1143,59,0
2072,28,0
1307,210,1
181,181,0
1982,276,1
71,66,1
101,89,0
1866,176,0
1344,37,1
2000,121,0
1330,79,0
929,277,0
217,141,0
1047,57,0
1529,262,0
189,241,1
683,164,0
1000,221,1
1025,103,0
217,235,0
1872,161,1
409,285,0
709,41,0
867,78,0
1201,270,0
371,242,0
1293,37,1
1615,166,0
964,229,1
1228,56,0
1228,209,0
1027,50,1
1656,206,1
1121,185,0
1761,121,0
710,126,0
740,126,1
870,174,0
961,58,1
2194,111,0
64,37,1
322,37,1
583,237,0
159,197,0
1179,11,0
63,181,0
1955,282,1
2134,258,0
1802,257,0
1256,37,1
1057,176,0
899,47,1
602,13,1
626,100,0
2181,12,0
609,13,1
1213,135,0
1405,47,1
2099,235,0
965,81,1
868,3,0
318,153,1
1002,43,1
593,105,0
1663,241,0
1680,276,0
777,13,1
583,82,1
1546,161,0
883,148,1
1657,80,0
1218,206,1
2123,117,0
307,165,1
2016,239,1
999,267,1
187,37,1
390,277,0
930,162,1
21,126,0
1722,45,0
405,132,0
18,128,0
439,81,1
593,13,1
782,134,0
1125,50,0
1729,176,0
570,14,1
1437,9,0
1801,223,1
614,291,0
1581,22,1
1352,38,0
1398,239,1
952,14,0
333,266,1
2163,229,1
464,75,0
967,43,1
619,117,0
2194,206,1
179,241,0
637,5,1
1130,123,1
1193,137,0
1480,174,0
2264,84,0
1671,202,0
1113,0,0
1091,282,1
336,130,1
447,19,0
666,131,0
317,192,0
2044,190,0
1241,259,1
43,256,0
2311,24,1
1156,280,1
340,40,0
1684,111,0
1184,221,0
426,199,1
810,30,0
1941,74,0
925,246,1
264,68,1
52,8,0
1237,218,0
2306,258,0
557,82,1
1638,121,0
850,163,0
84,2,0
1862,115,0
391,114,0
366,288,1
895,24,0
520,98,1
804,82,0
1785,114,0
557,27,0
468,285,1
727,14,1
2264,19,0
1073,108,0
414,15,0
3,284,0
964,109,1
1346,223,1
1027,43,1
842,173,0
1528,56,0
924,58,1
473,102,0
716,178,0
1780,206,1
1191,276,0
538,91,1
51,57,1
1241,223,1
2315,23,0
241,267,1
1792,37,1
1714,68,1
2098,251,0
1932,16,0
1333,26,0
744,126,0
420,278,0
1954,229,1
376,206,1
1301,68,1
1964,68,1
316,47,1
2211,81,1
447,94,0
200,26,1
1107,54,1
964,162,1
2169,243,0
1336,56,1
676,205,0
158,126,0
1504,47,1
830,224,0
1465,167,1
2128,108,1
472,37,1
1700,106,0
1938,42,0
1960,108,1
1095,190,1
1553,132,0
286,62,0
536,174,0
2137,269,1
1904,237,0
255,268,0
464,161,1
2023,223,1
1374,268,1
1636,206,1
300,37,1
454,206,1
1102,33,0
1604,282,1
1098,62,0
676,110,0
1901,4,0
1532,220,1
468,161,1
263,43,1
1180,108,1
469,161,1
261,215,0
409,13,1
362,155,0
532,43,1
1987,102,0
2222,220,0
1315,170,0
259,82,0
540,199,0
1156,267,1
240,2,0
1422,183,0
237,251,0
417,27,0
903,259,0
967,224,1
1104,92,0
1125,128,0
280,275,0
581,229,1
1305,98,1
936,37,1
1926,218,1
10,255,0
1833,37,1
209,21,0
179,183,0
418,13,1
971,253,0
1670,211,0
1325,22,1
1363,68,1
613,13,1
104,22,0
774,209,0
13,81,1
593,86,1
378,242,0
1095,161,1
1031,89,0
30,13,1
1668,18,0
1135,77,1
1349,236,0
27,206,1
227,73,0
1364,211,1
1436,68,1
1589,177,0
56,123,0
1258,202,0
106,191,0
1820,91,1
263,86,0
1351,46,0
1882,278,0
11,205,0
1067,213,0
596,13,1
2209,100,0
2213,94,0
1893,276,0
879,81,0
2073,12,0
489,33,0
1550,165,1
984,254,0
997,191,0
1822,195,0
1148,223,1
42,208,0
1387,115,1
423,37,1
465,161,1
2176,182,1
1690,220,0
395,187,0
1938,199,0
810,158,0
1104,58,1
1663,119,0
1319,270,1
533,96,1
116,246,0
109,52,0
918,68,1
1120,145,1
700,290,1
1255,61,1
1045,179,1
1155,218,1
571,130,0
12,259,0
1730,168,0
1364,204,0
57,223,1
1947,129,0
1427,227,0
282,196,1
263,50,1
471,114,0
1128,164,0
915,161,1
1241,165,1
911,114,0
406,18,0
458,243,0
1468,37,1
705,223,1
1225,94,0
398,263,0
631,13,0
322,5,1
1750,64,0
524,160,0
1031,142,0
280,174,0
907,240,1
1765,176,1
1403,43,1
880,148,1
1547,98,0
1727,58,0
1141,223,0
737,239,1
1708,9,0
2317,2,0
321,57,1
2275,150,0
299,206,1
881,79,0
2052,67,1
381,74,0
137,85,0
1095,167,1
531,43,1
367,179,1
529,175,0
1257,37,1
568,64,1
625,233,0
1955,228,0
1822,50,1
1090,53,1
1611,153,0
1619,37,1
1394,157,0
387,148,1
1845,142,0
1219,285,1
2269,57,1
1568,72,0
229,68,1
1199,223,1
1421,97,0
1374,66,0
1385,229,1
1238,283,1
701,4,0
611,284,0
1122,55,0
138,228,1
974,43,1
1336,180,0
178,179,1
2269,81,1
960,160,1
1358,273,0
1802,253,0
1502,196,0
1524,51,1
222,266,0
1683,71,0
565,236,0
604,187,0
71,193,0
109,28,0
672,68,1
1437,104,1
72,95,1
249,219,0
2157,68,1
815,239,0
851,151,1
2076,249,0
672,27,1
640,138,1
964,278,1
247,212,0
1762,52,1
778,64,1
827,235,0
132,125,0
394,239,1
1095,47,1
366,179,1
1187,207,0
926,86,0
593,81,1
1869,89,0
910,23,0
1405,83,1
2207,139,0
1421,10,0
117,173,1
600,13,1
1522,75,0
1629,242,0
1737,162,0
1108,3,1
2164,263,0
1292,197,0
1945,125,0
2075,33,0
1668,37,1
1558,235,0
2183,52,1
1885,203,0
975,268,0
1551,244,0
373,22,1
900,237,1
1873,43,1
2270,95,0
991,160,1
531,161,1
1110,147,1
1448,37,0
900,151,1
1512,50,1
1386,239,1
1914,223,1
2284,239,1
1107,139,0
1556,202,0
1165,237,1
1791,139,0
279,56,1
672,108,1
1474,161,1
2046,50,1
1365,273,1
454,43,1
857,82,1
351,267,1
965,43,1
1628,50,1
972,223,1
998,128,1
1,208,0
651,37,1
563,46,0
1201,68,1
1704,50,1
1160,17,0
1460,43,1
1279,86,0
1066,100,0
943,258,0
596,101,0
830,110,0
2041,211,1
622,81,1
1902,198,0
673,206,1
1504,66,1
2259,206,1
591,205,0
466,206,1
2102,43,1
1827,65,0
989,258,0
2212,81,1
339,81,1
1630,228,0
192,52,1
1474,203,0
490,67,1
1360,2,0
568,229,1
2046,16,0
1069,34,0
440,93,0
279,264,0
561,229,1
76,18,0
1780,37,1
1070,82,0
735,204,0
1175,229,1
925,282,1
2033,160,1
1396,243,0
2059,67,1
117,248,0
1991,167,0
1240,254,0
1197,288,0
2198,3,0
1208,175,0
2039,43,1
1209,93,0
879,64,0
890,273,0
1745,261,0
1844,146,0
399,271,1
2033,161,1
760,139,0
375,290,1
50,7,1
1369,191,0
1269,68,1
729,241,0
255,95,1
1741,43,1
2170,109,1
197,66,1
1542,11,0
1023,2,0
2064,54,1
1687,211,1
1809,70,0
844,117,0
915,1,0
759,291,0
1266,140,0
148,167,0
620,229,1
1418,89,0
1834,60,1
450,273,1
318,69,0
985,30,0
2299,18,0
1772,93,0
581,247,1
939,130,1
1098,80,1
1657,13,1
1923,105,0
468,43,1
1117,286,1
1467,43,1
1434,137,0
1054,42,0
461,82,1
473,161,1
149,257,0
713,43,1
664,207,0
28,13,1
314,43,1
964,62,1
1620,43,1
1826,142,1
146,234,0
696,108,1
1174,107,0
1155,150,1
1461,37,1
107,3,0
1258,91,1
833,68,1
329,234,0
785,57,1
1367,81,1
1933,162,1
1663,61,1
68,47,1
1090,34,0
351,52,1
1074,52,1
832,53,1
750,37,1
816,138,1
1403,150,1
1708,128,0
1086,260,0
2028,275,0
2087,108,1
890,179,1
1170,13,1
1298,37,1
1272,7,0
100,223,1
1280,241,1
884,212,0
211,178,0
1609,57,0
96,82,0
237,267,1
822,203,0
1466,245,0
2095,117,1
1061,151,1
1493,267,1
1610,252,0
1284,1,0
2222,52,1
320,59,0
568,82,1
1871,109,1
1948,180,0
704,87,0
1228,58,0
1163,237,1
60,103,0
1161,196,0
1233,68,1
2313,138,1
1899,124,0
672,223,1
1317,231,0
1957,58,1
604,13,1
2209,291,0
1604,81,0
124,43,1
1943,208,0
570,188,0
1762,47,1
1389,268,1
614,233,0
1261,194,0
1866,225,0
1923,270,1
368,37,1
1645,206,1
1387,26,0
1110,268,0
1143,150,1
1149,195,0
999,68,1
664,41,0
821,195,0
1547,39,0
999,94,1
92,267,1
649,68,1
1664,252,0
701,180,0
561,82,1
460,150,1
528,173,0
583,155,1
392,43,1
172,59,0
43,129,0
393,24,0
714,35,0
380,21,1
74,267,1
1123,60,0
1419,108,1
580,14,1
357,174,1
1712,134,0
1218,43,1
2291,13,1
1867,62,0
339,219,0
2202,25,0
2182,37,1
1204,220,1
2267,76,0
964,50,1
36,13,1
666,133,0
539,37,1
265,108,1
1779,282,1
1799,13,1
1366,58,1
550,117,0
27,133,1
362,206,1
900,82,1
952,108,1
1306,271,0
1871,239,1
1985,37,1
1095,173,1
2076,185,0
934,150,1
2010,143,0
676,19,0
1955,107,0
1588,268,1
1872,47,1
689,19,0
1840,143,0
702,209,0
1379,271,0
1261,37,1
804,289,0
1325,108,1
1547,159,0
1072,164,0
256,241,0
1477,204,0
1492,13,1
866,173,0
679,167,1
1004,267,1
1201,160,1
663,13,1
901,72,0
1065,155,0
1149,43,1
595,6,0
560,155,1
2143,31,0
1763,143,0
1766,37,1
860,37,1
2052,68,1
1798,123,1
1930,224,1
1329,4,0
1005,108,1
911,37,1
2205,13,1
1516,80,0
600,277,0
1861,24,1
463,164,0
1696,5,1
2260,223,1
1424,38,0
1503,47,1
568,155,1
2102,5,1
462,267,1
269,52,1
2028,195,0
2129,108,1
942,98,0
546,50,1
202,2,1
2127,23,0
385,43,1
2089,183,0
1305,218,1
1261,19,0
1652,65,0
1155,37,1
426,74,0
1192,221,1
699,6,1
323,57,1
1832,218,0
373,176,0
1824,13,1
715,37,1
1215,234,0
502,131,1
1374,100,0
66,267,1
195,177,0
1780,83,0
4,57,1
1920,14,1
2188,18,0
1375,162,1
1592,201,0
931,40,0
1549,84,0
187,109,1
578,13,1
831,233,1
1365,151,0
822,57,0
1025,82,1
987,93,0
646,280,1
1287,37,1
1554,138,0
1603,12,0
2030,218,0
1174,277,0
1541,212,0
1159,37,1
539,91,1
732,269,1
2140,134,0
700,175,0
509,239,1
1136,123,1
1241,226,1
2112,37,1
1448,220,1
115,203,0
1508,76,0
1284,76,0
2046,37,1
1570,200,0
1732,96,0
2122,173,1
672,43,1
1965,37,1
1695,37,1
2075,239,1
90,282,1
1537,66,0
1256,71,0
1789,81,1
1192,268,1
2265,72,0
1425,259,0
1695,95,1
767,282,1
2023,282,1
1359,127,0
581,104,1
70,108,1
585,229,1
1848,268,1
323,43,1
1143,18,0
1179,196,0
1027,229,0
1768,111,0
699,76,0
286,175,0
436,93,0
1429,265,0
480,89,0
1791,43,1
38,64,0
954,239,1
1030,134,0
7,82,1
1220,88,0
267,186,0
851,51,1
1162,224,1
373,218,0
1316,52,1
498,57,0
2225,43,1
334,106,0
1214,50,1
964,54,1
2211,226,0
1153,276,0
964,37,1
2051,129,0
1593,261,0
874,68,1
365,263,1
791,268,1
1456,102,0
1509,161,1
1965,222,1
1395,174,0
1394,279,0
859,43,1
395,151,1
2099,107,0
1913,161,1
1183,160,1
737,181,0
253,75,0
1735,37,1
231,206,1
414,28,0
1422,13,1
1219,37,1
329,289,0
1655,61,1
577,50,0
1304,261,0
899,237,1
872,211,1
1808,54,1
1649,43,1
259,43,1
569,57,0
933,150,1
1027,28,0
1561,200,0
306,131,0
195,13,1
96,110,0
901,115,1
499,148,1
2057,142,1
2286,37,1
65,68,1
1690,159,0
1336,281,0
505,148,1
1592,100,0
1723,273,0
1304,40,1
1026,161,1
941,233,0
1835,43,1
1691,2,0
498,74,0
241,266,0
1824,114,0
203,267,1
346,0,0
1314,7,0
939,81,1
556,197,0
1222,206,0
279,42,0
1561,108,1
942,13,1
999,179,1
186,109,1
146,37,1
962,232,1
1260,145,1
470,47,1
1187,17,0
1350,174,0
2121,206,1
1623,207,1
1882,218,1
1182,134,0
327,149,0
711,36,0
1042,190,0
1081,37,1
857,196,0
1519,161,1
2120,206,1
591,115,0
1171,101,0
1026,23,0
329,155,1
434,279,1
1157,81,0
3,57,1
2074,160,1
1019,229,1
30,142,1
2067,100,0
593,64,1
1322,90,0
2249,74,0
371,277,0
621,140,0
1839,276,0
1617,155,1
1861,160,0
955,33,0
1243,47,1
269,145,1
43,13,1
1188,271,0
63,224,1
122,227,0
1832,260,0
1891,189,0
416,231,0
742,46,1
1890,223,1
557,155,1
2003,239,1
840,151,1
137,278,0
1501,43,1
633,124,0
2249,97,0
560,147,0
1487,72,0
525,174,0
1798,43,1
1609,43,1
2071,243,0
1539,68,1
801,57,1
189,276,0
217,100,0
2243,227,0
7,127,0
999,67,1
1689,158,0
735,55,0
1780,43,1
12,199,1
292,218,0
491,81,1
1919,53,1
696,282,1
1461,68,1
1213,108,1
144,226,0
48,20,0
756,52,1
1230,120,1
259,54,1
14,249,0
727,188,0
1308,187,0
753,18,1
991,117,1
210,206,1
1101,291,1
989,161,1
2097,269,1
721,155,1
2198,132,0
2096,269,1
501,81,0
2022,186,0
675,6,0
1405,205,1
1151,37,1
1369,151,1
1484,94,1
1426,82,1
1252,289,1
1866,211,1
434,43,1
1656,245,0
358,206,1
1663,242,0
521,239,1
2001,68,1
1104,162,1
361,54,1
231,98,0
398,67,0
1133,56,0
1742,274,0
1155,105,1
2250,92,0
1166,237,1
393,239,1
1164,215,0
244,68,1
270,41,1
2317,67,0
52,72,0
808,73,0
992,117,1
1511,242,0
1378,53,0
950,223,1
1156,43,1
986,116,0
1734,179,1
1835,37,1
2011,25,1
2053,13,0
690,12,1
1027,267,1
18,126,0
1733,56,1
1054,131,1
2049,267,1
316,206,1
2022,179,1
1058,245,0
1750,174,0
2210,20,0
1560,25,0
1409,65,0
316,160,1
639,150,1
1263,91,1
997,250,1
1471,13,1
742,201,0
1790,68,0
413,13,1
1,161,0
696,55,0
1091,267,1
788,58,0
1560,104,0
698,206,1
1547,249,0
570,82,1
1032,114,0
7,33,0
2311,209,0
39,95,1
2149,206,0
309,53,0
1001,161,1
967,37,1
1020,229,1
2120,37,1
562,13,1
167,253,1
1405,43,1
1789,198,0
262,207,0
1608,233,0
1309,211,1
1606,43,1
393,201,0
1242,54,1
129,198,0
2083,151,1
860,21,0
1030,275,0
2294,267,1
401,37,0
909,211,0
497,248,0
2229,185,1
646,279,1
2227,56,1
0,88,0
1609,37,1
2195,114,0
919,68,1
733,247,0
1460,223,1
372,43,1
2135,160,1
1955,25,0
1850,286,0
744,14,0
59,249,0
1786,206,1
1659,68,1
1609,50,1
2230,69,0
462,37,1
2190,184,0
1944,82,1
964,22,1
854,204,0
420,124,0
187,114,0
1333,125,0
359,21,1
406,29,0
1960,174,0
634,288,0
2025,239,1
947,151,1
1089,34,0
80,143,0
810,66,0
614,35,1
300,206,1
2012,202,0
1232,195,0
2164,287,0
673,30,0
269,160,1
433,132,0
1760,91,1
310,9,0
534,158,0
932,99,0
1723,107,0
1798,13,1
582,13,1
1465,281,1
1984,67,1
1855,29,0
1029,176,0
2231,273,0
1271,153,1
653,13,1
1782,220,0
1919,223,1
1671,207,0
1117,224,1
1994,132,0
1350,58,1
53,69,0
1582,262,1
266,68,1
554,13,1
1531,109,0
465,3,0
913,192,1
1035,18,0
1537,115,0
2179,87,0
1393,97,0
292,43,1
1617,13,1
92,247,1
1016,272,0
245,198,0
2197,251,0
393,47,1
1179,68,1
1615,14,1
1137,285,1
961,284,0
2149,255,0
456,258,0
541,91,1
2255,37,1
39,94,1
1043,125,0
1863,26,0
1400,13,0
109,125,1
121,284,0
887,0,0
2076,67,1
1098,41,0
1267,50,1
1796,13,1
1708,56,1
1764,267,1
866,249,0
550,160,0
581,14,1
820,130,0
880,89,0
2014,202,0
1002,239,1
2135,253,0
2001,50,1
968,219,1
1508,68,1
711,286,0
647,29,0
1938,162,0
472,220,0
1075,272,1
1446,257,0
2120,2,0
964,223,1
1447,220,1
451,161,0
584,155,1
1881,220,1
1157,167,1
560,5,0
1322,13,0
1168,37,1
208,121,0
1448,15,0
1458,89,0
1646,267,1
1926,263,0
1675,18,0
1409,81,1
343,25,0
394,253,0
739,110,0
1176,184,0
1487,151,1
1329,134,0
1272,115,1
1286,60,0
1113,47,1
385,5,1
325,61,0
1554,129,0
892,179,1
740,52,1
1110,267,1
1007,167,1
899,267,1
1241,161,1
940,53,1
1831,198,0
154,239,1
1000,53,1
589,13,1
479,121,0
1466,170,1
1509,32,0
1164,165,1
1241,229,1
845,52,1
1469,261,0
452,211,1
961,52,0
547,110,0
1073,117,1
903,199,1
2110,211,1
189,233,0
1031,59,0
1509,68,1
794,2,0
2001,132,0
1035,271,0
836,65,0
1899,75,0
667,72,0
940,275,0
731,150,1
909,120,0
885,245,0
812,57,1
2207,61,0
1424,52,1
2057,199,0
606,258,0
817,199,0
2197,87,0
1396,268,1
2077,187,0
1347,112,1
296,37,1
2315,126,0
2004,53,1
1874,235,0
1521,43,1
1175,239,1
1118,206,1
1366,138,0
1476,224,1
1837,47,1
464,37,1
1842,73,0
101,257,0
354,248,0
228,43,1
1524,206,1
2083,264,0
2157,209,0
337,14,1
633,4,0
963,248,0
1083,259,0
2220,161,1
283,136,0
2091,53,1
1664,200,0
931,275,0
1782,258,0
1564,97,0
1676,143,0
1889,229,1
591,229,1
625,13,1
1378,241,0
1475,161,1
548,122,0
294,183,0
260,209,0
624,206,0
2103,191,0
2116,206,1
2030,223,1
1661,241,1
411,149,0
1329,287,0
965,151,1
1350,216,0
1166,134,0
1117,239,1
2103,269,1
1684,68,1
2079,65,0
669,225,0
1470,97,0
1670,235,1
1875,91,0
1738,73,0
668,43,1
1223,154,0
1194,229,1
2217,47,1
1583,241,0
874,25,0
2104,99,0
361,223,1
1530,31,0
1103,37,1
1993,62,0
463,131,1
2310,13,1
47,244,0
1869,87,0
346,186,0
1880,58,1
2093,218,1
803,114,1
219,239,1
1717,37,1
762,43,1
1635,124,0
1374,123,1
851,43,1
1932,52,1
965,91,1
1890,251,0
1730,86,0
1568,165,0
316,86,1
598,48,0
1640,13,1
338,206,1
1794,38,0
1539,37,1
315,239,1
1531,221,0
317,199,0
96,43,1
2006,244,0
1421,234,0
744,47,1
1323,201,1
1468,98,0
1697,183,0
99,200,0
246,199,0
2164,19,0
484,182,0
730,71,0
1157,265,1
850,174,0
1717,26,0
246,108,1
453,64,0
2307,174,0
2219,183,0
1099,146,0
1886,110,0
1814,217,0
230,81,0
1554,128,0
2319,268,1
314,57,0
616,161,0
1510,220,0
1225,13,1
1453,126,0
626,244,0
297,37,1
187,89,0
1512,175,0
561,241,0
876,53,1
1403,13,1
769,67,1
245,53,1
105,190,1
405,6,0
176,216,0
2201,268,0
1718,72,0
1049,104,1
2228,19,0
783,50,1
1599,223,1
906,61,1
1857,81,1
96,239,1
569,271,1
846,126,0
2049,50,1
423,94,1
1169,22,0
685,82,1
515,239,1
2062,239,1
581,257,1
773,186,0
945,71,0
1790,206,0
739,239,1
2259,37,1
670,223,1
1497,14,0
26,10,1
1831,7,0
672,39,1
1175,221,1
2280,246,0
1343,90,0
77,257,1
31,205,1
1787,206,1
492,81,1
1391,43,1
1242,229,1
1683,139,0
1121,47,1
2015,248,0
1926,98,1
594,13,1
1974,136,1
379,13,1
2172,206,1
755,86,0
1636,81,0
2046,52,1
367,89,0
670,119,0
1266,25,0
823,232,1
418,107,0
2168,33,0
125,119,1
337,101,1
1411,46,1
1828,20,0
526,199,1
154,5,1
141,18,0
2023,206,1
1299,50,1
965,255,1
2221,93,0
1561,203,0
729,88,0
570,229,1
2204,188,0
7,8,0
1380,123,0
11,1,0
1402,47,0
502,160,0
1266,50,1
594,281,0
2240,50,1
340,105,1
693,138,0
837,71,0
582,104,1
1207,179,1
1313,122,1
420,263,0
176,58,1
783,43,1
1524,223,1
2194,43,1
499,170,1
2053,47,1
323,24,1
1250,43,1
1091,148,1
741,285,1
849,267,1
1920,0,0
1912,119,0
797,126,0
849,158,0
966,61,1
1291,179,1
1547,198,0
1121,276,0
217,108,1
351,224,1
222,16,0
269,47,1
923,283,1
766,226,0
259,108,1
211,65,0
725,253,0
356,223,1
123,148,1
243,47,1
1042,197,1
800,43,1
2199,47,1
1034,219,0
1470,234,0
567,159,0
320,206,1
959,268,1
28,174,0
1000,66,1
575,104,1
1306,133,1
1759,6,1
1139,47,1
1528,43,1
1422,260,0
2148,44,0
2293,215,0
762,179,1
668,5,1
1661,50,1
1240,39,0
2096,234,0
1238,62,1
1603,264,0
1059,69,0
959,290,0
1662,206,1
173,82,1
474,240,0
631,55,0
2220,18,0
1940,220,1
224,239,1
525,204,0
1359,149,1
2148,106,0
365,179,1
1119,141,0
749,257,1
606,13,1
1691,269,1
2291,236,0
191,79,0
2318,49,0
515,121,0
2204,32,0
2250,77,1
1524,43,1
1241,282,1
899,246,1
1874,264,0
1588,133,0
1034,220,1
1486,108,1
1296,48,0
169,42,0
471,142,1
306,183,0
722,67,1
677,13,1
1882,81,1
646,206,1
333,47,0
1771,267,1
339,47,1
440,81,1
551,56,0
2045,13,1
1140,266,0
1492,267,1
1669,157,0
1217,43,1
1522,206,1
695,111,0
405,227,1
139,81,0
629,106,1
1071,98,1
1957,57,1
403,52,0
2123,95,0
716,13,0
1990,211,0
2030,257,0
1765,78,0
999,14,0
429,87,0
559,13,1
1718,37,1
426,174,0
1240,56,1
917,17,0
678,17,0
1357,58,0
1869,212,0
1046,277,0
1144,102,0
1834,211,1
1644,206,1
845,178,0
913,107,0
1669,37,0
788,202,0
436,161,1
2003,242,0
760,50,1
1560,5,1
2203,37,1
23,178,0
2278,4,1
1034,279,0
1165,127,0
1095,285,1
2297,4,1
718,119,0
1580,43,1
337,37,1
51,155,0
2119,43,1
626,78,1
420,13,1
76,24,0
1989,56,1
2154,50,1
1242,206,1
618,109,0
252,145,1
691,20,1
1584,239,1
1549,165,1
477,124,0
380,77,1
296,72,0
448,58,1
736,190,1
374,12,0
847,62,1
641,239,1
584,82,1
68,90,0
655,95,0
1318,138,1
1417,108,1
964,252,1
543,91,1
1547,106,0
1097,80,1
659,132,0
1338,231,0
1573,161,1
1686,176,0
1032,78,0
1341,157,0
917,68,1
1304,279,0
1653,181,0
1043,47,1
1574,56,1
730,80,0
327,13,1
1543,5,1
2249,77,1
479,80,0
721,229,1
1991,268,1
1670,167,0
1061,83,0
1376,10,1
1190,227,0
1307,21,0
1293,53,1
1414,108,1
1177,58,0
1505,100,0
1095,267,1
381,60,0
540,204,0
827,164,0
163,223,1
512,245,0
517,239,1
332,22,0
306,19,0
641,277,0
270,211,1
1656,43,1
1845,81,1
698,97,0
353,18,0
271,186,0
618,280,0
689,197,0
597,13,1
1898,229,1
1220,47,1
1757,190,0
1843,113,0
2113,37,1
1015,241,0
64,151,1
1919,37,1
590,13,1
1282,211,1
269,229,0
1094,150,1
501,262,0
1560,128,0
1100,267,1
1722,206,0
1753,273,0
2233,42,0
1157,153,1
1783,262,0
208,50,1
1783,217,0
36,92,0
1131,63,0
451,130,1
964,123,1
586,96,0
386,92,0
1990,58,1
43,285,0
821,91,1
186,191,0
339,108,1
1649,289,0
965,224,1
185,229,1
1241,37,1
438,102,0
588,289,0
276,248,0
1332,268,0
171,221,0
929,73,0
1359,121,0
416,56,0
1673,224,1
803,108,0
340,108,1
2198,37,1
502,78,0
1069,37,1
592,148,0
2039,269,1
582,229,1
2215,13,1
568,86,1
1321,220,1
765,109,0
1026,43,1
386,271,0
1657,262,0
213,35,0
1613,55,0
2225,37,1
563,145,0
1346,269,1
663,148,0
1143,82,1
1,286,0
149,82,1
708,133,0
94,17,0
729,126,0
1945,208,0
309,78,1
1954,167,0
1600,223,1
846,260,0
1840,1,1
1233,50,1
1104,240,0
579,271,1
683,25,0
1617,212,1
8,152,0
666,47,1
469,47,1
303,52,1
214,40,0
2005,198,0
361,187,0
2294,220,0
216,138,0
977,77,0
1298,67,1
1239,111,1
264,196,0
230,161,1
1499,67,1
646,244,0
1146,67,1
521,178,0
731,47,1
1246,39,0
345,47,1
2205,276,0
1484,289,0
331,148,1
107,229,1
1682,239,1
578,217,1
52,71,0
802,203,0
1617,104,1
1942,69,0
2021,223,1
1612,14,1
1470,13,1
99,43,1
2043,108,1
688,49,0
1692,143,0
1175,37,1
1591,47,1
365,12,0
833,37,1
410,13,1
1090,14,0
173,57,1
1278,64,0
1087,239,1
1152,115,1
747,97,1
693,186,0
246,244,0
55,25,0
11,8,0
1778,37,1
1272,112,0
1033,110,0
1534,267,1
377,218,0
464,88,0
1698,117,0
668,89,0
564,2,0
94,218,1
280,19,0
339,68,1
2289,87,0
1366,81,1
374,211,1
1939,108,1
550,28,0
1372,175,0
104,21,1
855,13,1
824,186,0
37,47,1
870,81,1
1696,12,0
586,151,0
724,181,0
1341,199,0
1601,212,0
247,103,0
1933,138,0
430,187,0
1252,112,0
1214,277,0
587,13,1
1662,47,1
1144,224,1
1462,118,0
749,97,1
605,246,0
975,225,0
1622,266,0
515,46,1
2165,50,1
320,237,1
430,125,0
1189,108,1
1099,247,1
1828,190,0
654,13,1
420,29,0
2283,70,0
1034,158,0
2268,57,1
1030,220,1
1411,43,1
1811,74,0
1292,161,1
917,79,0
298,215,0
41,80,0
1336,284,0
2189,259,0
1033,219,1
1707,129,0
1616,161,0
2256,99,0
2285,211,1
313,37,1
933,208,1
1613,277,0
1657,17,0
1604,195,0
803,19,0
582,56,1
443,58,0
1757,270,0
1822,37,1
78,223,1
758,13,1
634,149,0
833,50,1
1950,211,1
1498,67,1
1135,206,0
834,285,1
1664,190,1
1829,19,1
273,173,1
2264,68,1
462,54,1
1016,72,0
2246,213,0
797,242,0
1528,239,1
746,148,1
1573,18,0
998,250,1
984,246,0
592,67,0
389,148,1
2231,21,0
1024,132,0
357,289,0
1313,199,0
401,229,1
1958,221,1
1617,162,0
2213,237,0
976,289,0
690,104,1
2066,159,0
1638,18,0
99,32,0
612,130,0
2093,117,1
1088,109,1
169,69,0
108,189,0
364,43,1
1528,206,1
1532,189,0
611,70,1
754,286,1
1918,37,1
2129,87,0
240,139,0
1091,108,1
785,1,0
910,223,1
1695,108,1
1507,68,1
262,54,1
1900,84,0
680,167,1
4,288,0
2065,190,0
5,129,0
1157,206,1
178,121,0
847,100,0
2176,14,0
1678,84,0
1716,253,1
2303,199,0
1375,268,1
1119,23,0
2160,37,1
1267,271,0
968,47,1
1260,33,0
2314,50,1
1612,56,0
323,95,1
583,271,1
1908,224,1
275,98,1
1401,56,1
716,67,1
1365,192,0
1352,37,1
817,81,1
178,37,1
522,119,0
583,104,1
1913,68,1
1700,175,0
1965,206,1
2207,141,1
850,187,0
977,229,1
1693,73,0
394,240,1
2059,286,1
2010,199,1
438,283,0
1876,222,1
1064,276,0
19,168,0
1520,240,1
1123,165,0
1772,115,0
364,71,1
253,229,1
2064,238,1
2221,161,1
513,43,1
547,260,0
2053,251,0
1838,218,0
1030,250,0
699,37,1
202,282,0
16,56,1
1701,89,0
1195,229,1
171,208,0
2293,267,1
1471,80,0
1018,282,0
1064,47,1
2120,43,1
964,179,1
1252,56,1
1524,279,1
272,173,1
488,34,0
1381,221,1
2263,26,0
1242,224,1
731,87,0
487,159,1
1807,257,0
334,266,1
1737,266,0
2131,211,1
60,37,1
1524,254,1
889,161,1
277,46,0
1791,28,0
401,213,0
593,212,1
2102,184,0
1805,218,0
2212,69,0
1229,187,0
1947,66,1
893,193,0
1680,17,0
1343,37,1
535,165,0
1730,179,0
43,280,0
1312,17,0
1520,203,0
2024,50,1
103,147,0
1546,58,1
1238,185,0
1792,206,1
1697,239,1
1939,82,1
343,34,0
1916,99,0
1282,192,0
264,47,1
910,76,0
1751,262,0
1708,57,1
1533,193,0
1103,43,1
1885,211,1
887,2,0
1894,220,1
1510,161,1
122,135,0
1745,241,1
1564,37,1
366,213,1
511,239,1
454,37,1
1083,23,1
366,224,1
539,68,1
911,266,0
1771,206,1
554,229,1
1766,104,0
2251,37,1
386,5,1
1976,23,1
1269,223,1
863,81,1
747,140,0
1669,282,0
1131,248,0
1360,50,1
1511,54,0
1153,115,1
2181,37,1
1191,161,1
249,21,0
1652,239,1
656,67,0
2,286,0
695,6,1
803,104,0
1695,43,1
2320,239,0
1070,270,0
509,195,0
551,124,0
1135,60,0
1977,131,1
999,291,1
2258,192,0
1756,34,0
2321,57,1
1662,160,1
99,206,1
714,250,0
566,132,0
1824,81,1
860,206,1
283,16,1
1387,51,0
263,54,1
87,80,0
533,54,0
535,256,0
42,13,1
1769,50,1
164,223,1
1279,103,0
1529,67,1
100,43,1
1981,218,1
1875,81,1
158,161,1
301,206,1
2162,50,0
617,229,1
1306,65,0
622,19,0
2046,76,0
1035,153,0
699,267,1
2087,198,0
1759,35,0
565,134,0
1428,81,1
1878,44,0
22,17,0
431,161,1
1213,183,0
2223,123,1
1029,220,1
2091,90,0
595,122,0
1741,223,1
822,69,0
2059,35,0
320,160,1
1875,202,0
1754,224,1
1155,32,0
1384,181,0
1742,45,0
1091,239,1
2207,208,1
562,288,0
129,53,1
686,81,1
1582,200,0
367,224,1
1392,58,1
1904,47,0
54,248,0
1678,37,1
92,68,1
856,244,0
758,98,0
1883,12,0
522,239,1
1860,168,0
1220,126,0
900,282,1
1834,37,1
497,28,0
2318,149,0
542,50,1
672,37,1
1888,194,0
1723,43,1
1957,81,1
2288,43,1
1011,108,1
0,56,1
258,50,1
2039,277,0
964,5,1
1455,37,1
1700,47,0
1094,243,0
2232,54,0
2099,282,1
1418,117,0
2107,206,1
1218,5,1
727,152,0
815,43,0
399,112,0
521,244,0
341,37,1
1021,83,0
1615,136,0
2171,176,0
1402,20,0
1338,32,0
4,171,0
691,201,0
277,201,0
717,43,1
1524,54,1
88,197,0
1520,155,0
1487,81,0
2295,4,1
357,223,1
1142,87,0
322,224,1
1898,147,0
373,244,0
1046,179,1
819,161,1
1057,269,0
956,34,0
964,284,1
755,253,0
90,33,0
553,155,1
1785,272,0
587,56,0
241,13,0
1338,247,0
561,56,1
1403,229,1
748,37,1
1498,206,1
713,206,1
244,270,0
1734,206,1
131,108,1
354,211,1
245,60,0
513,115,0
408,149,0
1730,56,1
677,141,0
192,195,0
1625,43,1
1799,190,1
654,246,0
1528,25,0
856,82,1
392,255,1
1574,243,0
723,105,0
948,253,0
1193,220,1
192,215,0
1218,192,0
292,37,1
1458,161,1
2282,88,0
1156,8,1
375,98,0
289,37,1
955,213,1
375,66,0
2315,17,0
180,259,0
1070,175,0
267,52,1
1827,282,1
769,242,0
1216,68,1
2219,161,1
1613,14,1
1510,223,1
1946,81,1
1595,50,1
1631,140,0
1488,173,0
1392,273,1
929,205,1
240,269,1
1985,104,0
789,37,1
1718,92,0
1044,135,0
724,254,1
204,267,1
487,11,1
214,239,1
689,232,1
991,203,0
1251,258,0
1208,188,1
1648,43,1
2321,58,1
791,13,1
968,56,1
590,19,0
1411,37,1
137,90,0
301,37,1
569,189,0
135,13,1
597,269,0
1467,239,1
87,19,0
2240,43,1
1428,87,0
1788,86,0
275,165,1
2244,0,0
1698,43,1
1903,161,1
2074,47,1
965,148,1
1274,237,1
1095,224,1
1933,233,0
1049,53,0
404,138,0
2173,206,1
2037,223,1
1084,151,0
567,182,0
508,43,1
1420,276,0
1810,65,0
1048,88,0
567,13,1
1768,125,0
2194,239,1
718,287,0
2177,161,1
747,37,1
651,239,1
1398,16,0
1100,157,0
2248,84,1
1679,244,0
789,43,1
1690,239,1
1467,196,0
368,43,1
1159,275,0
122,205,1
1623,10,0
1573,247,0
125,121,0
2039,286,1
959,97,0
1975,253,0
332,49,0
85,68,1
286,112,0
1841,105,0
1095,53,1
1135,138,0
1326,279,0
866,13,0
730,14,1
2263,234,0
1037,45,0
393,43,1
851,82,1
142,229,1
262,50,1
302,219,1
511,66,0
1752,2,0
2002,89,0
1426,220,1
1515,48,0
1526,47,1
522,5,1
2282,220,0
1355,149,1
1766,52,1
1426,219,0
662,13,1
1474,138,0
798,183,0
165,68,1
850,167,0
2309,81,1
1701,208,0
200,100,0
1763,277,0
1222,84,1
1423,52,1
908,58,0
523,59,0
251,252,0
2258,56,1
1129,123,1
2025,264,0
444,81,1
745,52,1
1688,38,0
2046,267,1
2046,185,0
177,112,0
831,193,0
2232,243,1
872,209,0
453,206,1
1536,107,0
2218,228,0
1864,104,0
1584,267,1
1560,33,0
624,35,1
1851,235,0
2117,37,1
1977,61,0
1030,46,0
2118,100,0
619,13,1
955,245,0
385,239,1
364,135,0
612,223,0
686,171,0
1855,67,0
163,191,0
712,95,1
1723,2,0
891,134,0
1906,141,1
1068,102,0
415,265,0
983,108,1
30,188,1
244,31,1
1554,103,1
1434,90,1
245,50,1
964,279,1
582,12,1
655,247,0
949,108,1
1868,66,1
614,97,0
569,236,0
990,89,0
1107,214,1
314,37,1
264,94,1
1293,161,1
223,239,1
2245,110,0
554,56,1
1851,229,1
1186,37,1
1417,253,0
2183,207,0
1241,54,1
2127,108,1
596,57,0
749,13,1
385,50,1
1273,58,1
1689,131,0
1091,37,1
210,124,0
484,192,0
621,229,1
1402,13,1
1004,250,1
1940,241,0
252,84,0
1100,87,0
1841,90,1
857,17,0
1079,211,1
570,155,1
1917,41,0
1380,77,0
136,169,0
585,271,1
1868,111,0
411,55,0
970,193,0
1484,206,1
987,140,0
1066,41,0
2184,223,0
1130,66,0
2202,47,1
1286,37,1
894,282,0
964,222,1
859,206,1
1828,81,1
1248,164,0
1466,239,1
1242,203,1
1494,53,1
1090,272,0
77,67,0
147,21,0
623,104,1
2035,13,0
1155,206,1
1662,229,1
1109,194,0
2140,268,0
975,206,1
2190,239,1
1693,108,1
542,37,1
973,141,0
2063,74,0
1381,240,0
1723,206,1
2310,48,0
483,188,0
1514,60,0
1547,218,0
882,37,1
1553,129,0
1707,150,1
210,16,0
50,185,0
528,199,1
1461,215,0
179,245,0
1265,53,1
1195,111,0
137,22,0
2210,242,0
708,267,1
2090,229,1
1471,202,0
129,104,0
964,267,1
1888,69,1
2318,81,1
531,70,0
408,66,0
1670,169,0
1242,256,1
1529,24,0
2040,270,0
1584,193,0
1277,189,1
54,223,1
1242,155,1
374,157,0
30,205,1
1720,179,1
1307,219,0
1477,224,1
1854,229,1
278,86,1
1995,132,0
2172,74,0
1340,43,1
893,220,0
921,229,1
150,81,1
305,157,0
228,195,0
701,106,0
879,26,0
1461,91,1
113,103,0
726,228,0
179,13,0
161,37,1
1349,254,0
2060,211,1
1808,206,1
5,68,1
1577,274,0
661,248,0
1313,220,0
304,13,1
837,117,0
2250,276,0
262,206,1
1847,20,0
2139,107,0
2023,37,1
509,69,0
27,43,1
1945,82,1
1075,191,1
299,17,0
739,186,0
93,107,0
2,57,1
2292,211,1
1812,89,0
2180,205,1
1135,254,0
1709,38,1
1609,123,0
1288,153,1
1459,161,1
1176,225,0
2,203,0
1977,243,1
553,74,0
1448,218,0
1948,254,0
557,13,1
403,10,0
101,135,1
1249,39,0
1405,253,0
30,123,1
1514,162,1
1554,20,0
929,261,0
2258,26,0
1614,38,0
115,273,0
964,280,1
2144,33,0
1558,172,0
526,120,0
1013,3,0
696,68,1
66,189,1
404,227,1
635,289,0
1305,277,0
1157,165,1
908,5,1
536,96,1
1592,267,1
426,190,0
1075,165,0
1870,36,1
2004,13,1
1820,176,0
1876,81,0
45,107,0
1329,230,0
1751,272,0
64,43,1
1391,54,1
1349,13,1
38,199,0
84,215,0
1740,43,1
1559,150,1
1241,82,1
970,125,0
1332,226,0
672,239,1
1439,39,0
562,106,0
1158,43,1
71,108,1
1627,23,0
729,14,1
1366,242,0
1601,58,0
1224,263,0
509,268,0
1757,68,1
867,82,1
1573,59,0
1248,177,1
1662,241,1
146,43,1
1156,223,1
254,90,0
459,242,0
478,57,1
2299,108,1
261,224,1
1106,65,0
964,151,1
122,107,0
465,37,1
1356,149,1
794,233,0
1095,68,1
1033,68,0
1697,24,0
1355,42,0
1867,66,1
1787,90,0
1198,177,1
1098,154,0
230,50,1
1660,267,1
411,13,1
1745,267,1
1893,138,1
1156,37,1
2272,160,1
1797,95,0
758,139,0
1374,50,1
1883,270,0
1516,37,1
1346,253,0
1524,263,1
1633,52,1
1332,124,1
358,117,0
1679,150,1
2029,269,1
3,262,0
1258,223,1
1752,205,1
1382,22,0
565,13,1
2072,95,1
2059,43,1
1857,208,1
173,8,0
84,267,1
1357,149,1
1900,43,1
1830,285,1
2250,274,0
1796,50,1
602,186,0
1124,52,0
2136,111,0
510,239,1
362,96,0
478,56,1
2272,79,0
93,228,0
1901,262,0
1377,160,1
150,91,0
139,158,0
376,176,0
1095,144,1
1209,37,1
721,53,0
1183,81,1
672,109,1
1117,50,1
1028,52,1
2303,239,1
2010,156,0
306,24,0
1990,46,0
1859,42,0
244,285,1
70,134,0
1422,110,0
1661,51,1
1344,206,1
1181,187,0
1624,221,0
327,289,0
1107,206,1
653,39,0
1359,277,0
