psite_id,Psite
0,A2ASS6_S12742
1,A2ASS6_S12884
2,A2ASS6_S3991
3,A2ASS6_S4010
4,A2ASS6_S4080
5,A6NMY6_S26
6,B5DEX4_S236
7,B5DEX4_T274
8,D3ZXP3_S139
9,E0CZ16_S433
10,E9Q401_S2030
11,E9Q401_S2367
12,E9Q401_S2807
13,E9Q401_S2813
14,F1M707_S346
15,F1PEE8_S2016
16,F1PEE8_S2799
17,G3V7R4_S250
18,NP_001100820_S161
19,NP_037320_S15
20,O00139_T554
21,O00141_S422
22,O00141_T256
23,O00161_S95
24,O00206_T175
25,O00257_T437
26,O00327_S183
27,O00401_Y256
28,O00429_S40
29,O00429_S44
30,O00429_S616
31,O00429_S637
32,O00429_T595
33,O00444_Y86
34,O00459_Y464
35,O00482_S510
36,O00499_T348
37,O00512_T172
38,O00560_S131
39,O00560_T200
40,O00767_Y55
41,O08528_T473
42,O08553_T514
43,O08553_T555
44,O08589_S88
45,O09000_S498
46,O09000_S536
47,O09000_S847
48,O09000_S850
49,O09000_Y1331
50,O14497_S696
51,O14558_S16
52,O14649_T383
53,O14654_Y656
54,O14654_Y779
55,O14654_Y828
56,O14654_Y847
57,O14654_Y921
58,O14672_S436
59,O14744_S15
60,O14744_T132
61,O14744_T139
62,O14744_T144
63,O14746_T249
64,O14757_S280
65,O14757_S317
66,O14757_S345
67,O14828_Y86
68,O14874_S31
69,O14874_Y246
70,O14920_S177
71,O14920_S181
72,O14926_S39
73,O14950_S20
74,O14965_S51
75,O14965_T288
76,O14974_T696
77,O14994_S470
78,O15061_S429
79,O15162_Y69
80,O15162_Y74
81,O15270_S384
82,O15287_S7
83,O15350_S471
84,O15350_T27
85,O15379_S374
86,O15379_S424
87,O15379_Y325
88,O15379_Y328
89,O15379_Y331
90,O15392_S20
91,O15392_T117
92,O15392_T34
93,O15503_S207
94,O15503_T222
95,O15516_S106
96,O15519_T166
97,O15524_Y203
98,O15524_Y80
99,O15530_S241
100,O15551_T192
101,O15553_S242
102,O35099_S1036
103,O35099_S1040
104,O35303_S635
105,O35303_S656
106,O35426-2_S348
107,O35426_S61
108,O35426_T48
109,O35433_S800
110,O35433_T406
111,O43175_S371
112,O43175_S55
113,O43255_S6
114,O43255_T279
115,O43314_S1006
116,O43318_T344
117,O43318_T444
118,O43353_Y474
119,O43395_T494
120,O43463_S391
121,O43464_S142
122,O43474_S234
123,O43521_S87
124,O43524_S253
125,O43524_S574
126,O43524_S7
127,O43524_T32
128,O43623_S158
129,O43623_S87
130,O43663_T481
131,O43684_Y207
132,O43791_S171
133,O43791_S226
134,O43791_S59
135,O54781_T485
136,O54851_S293
137,O54915_S347
138,O55042_S129
139,O55042_T64
140,O60234_Y104
141,O60260_S127
142,O60260_S131
143,O60260_S65
144,O60260_Y143
145,O60331_S448
146,O60331_Y639
147,O60341_S111
148,O60343_S318
149,O60343_S588
150,O60343_S751
151,O60500_Y1217
152,O60664_Y251
153,O60674_S633
154,O60674_Y1007
155,O60674_Y1008
156,O60674_Y201
157,O60674_Y570
158,O60701_Y473
159,O60716_S268
160,O60716_S288
161,O60716_T906
162,O60716_Y96
163,O60885_S492
164,O60885_S494
165,O60885_Y97
166,O60885_Y98
167,O60934_S343
168,O70201_T34
169,O70377_S120
170,O70377_S95
171,O70405_S405
172,O70405_S415
173,O70405_S555
174,O70468_S282
175,O70479_S280
176,O70548_S157
177,O70548_S161
178,O75116_S1366
179,O75116_T396
180,O75197_S1503
181,O75197_T1492
182,O75330_T703
183,O75365_Y53
184,O75376_S2436
185,O75385_S317
186,O75385_S469
187,O75385_S495
188,O75385_S533
189,O75385_S556
190,O75581_S1490
191,O75581_T1572
192,O75582_S376
193,O75608_S209
194,O75815_T130
195,O75865_S35
196,O75901_S284
197,O88643_S144
198,O88792_S285
199,O88871_S783
200,O88935_S551
201,O88935_S553
202,O89053_S426
203,O94851_Y445
204,O94851_Y463
205,O94925-3_S314
206,O94925_S314
207,O95140_S27
208,O95140_S442
209,O95273_S313
210,O95273_S356
211,O95297_Y263
212,O95644_S151
213,O95644_S153
214,O95644_S245
215,O95644_S256
216,O95644_S257
217,O95644_S261
218,O95644_S269
219,O95644_S278
220,O95644_S335
221,O95644_S403
222,O95644_S409
223,O95644_T154
224,O95644_T338
225,O95644_T339
226,O95758-2_S30
227,O95758-2_S426
228,O95817_S187
229,O95817_T285
230,O95819_T187
231,O95863_S100
232,O95863_S107
233,O95863_S11
234,O95863_S249
235,O95863_T203
236,O95972_Y235
237,O95997_T60
238,O96013_S291
239,O96013_S474
240,O96013_S99
241,O96017_S33
242,O96017_S35
243,O96017_T378
244,O96017_T68
245,P00338_Y10
246,P00367_S384
247,P00367_Y135
248,P00390_T507
249,P00519-2_Y204
250,P00519-2_Y245
251,P00519_S446
252,P00519_Y257
253,P00520-4_Y245
254,P00533_S1166
255,P00533_S768
256,P00533_T790
257,P00533_Y1016
258,P00533_Y1069
259,P00533_Y1092
260,P00533_Y1110
261,P00533_Y1172
262,P00533_Y1197
263,P00533_Y869
264,P00558_S203
265,P00558_T243
266,P01100_S374
267,P01100_T232
268,P01103_S116
269,P01106_S77
270,P01106_T73
271,P01106_Y89
272,P01108_S77
273,P01108_T73
274,P02340_S18
275,P02340_S312
276,P02489_T148
277,P02511_S45
278,P02511_S59
279,P02545_S22
280,P02545_S390
281,P02545_S392
282,P02545_S404
283,P02549_Y1499
284,P02549_Y422
285,P02549_Y548
286,P02730_Y359
287,P02765_S138
288,P02786_Y20
289,P03372_S104
290,P03372_S106
291,P03372_S118
292,P03372_S167
293,P03372_S212
294,P03372_S282
295,P03372_S294
296,P03372_S305
297,P03372_S559
298,P03372_T311
299,P03372_Y219
300,P03372_Y52
301,P03372_Y537
302,P04049_S259
303,P04049_S296
304,P04049_S338
305,P04049_Y340
306,P04049_Y341
307,P04150_S134
308,P04150_S211
309,P04150_S226
310,P04156_S43
311,P04406_S151
312,P04626_Y1221
313,P04626_Y1222
314,P04626_Y1248
315,P04626_Y877
316,P04637_S15
317,P04637_S20
318,P04637_S37
319,P04637_S392
320,P04637_S46
321,P04792_S15
322,P04792_S78
323,P04792_S82
324,P05023_Y260
325,P05067-4_T668
326,P05067-4_Y682
327,P05067_S679
328,P05067_T729
329,P05067_T743
330,P05067_Y757
331,P05106_Y785
332,P05129_T514
333,P05129_T655
334,P05129_T674
335,P05141_T107
336,P05197_T57
337,P05198_S52
338,P05412_S243
339,P05412_S63
340,P05412_S73
341,P05412_T239
342,P05455_T389
343,P05480-1_Y424
344,P05556_T788
345,P05556_T789
346,P05627_S63
347,P05627_S73
348,P05783_S34
349,P05783_S53
350,P05787_S291
351,P05787_S432
352,P05787_S74
353,P06213_Y1149
354,P06213_Y1185
355,P06213_Y1189
356,P06239_T395
357,P06239_Y394
358,P06239_Y505
359,P06240_Y505
360,P06241_T421
361,P06241_Y420
362,P06400_S249
363,P06400_S608
364,P06400_S780
365,P06400_S795
366,P06400_S807
367,P06400_S811
368,P06400_T252
369,P06400_T356
370,P06400_T821
371,P06400_Y805
372,P06401_S294
373,P06401_S400
374,P06493_T14
375,P06493_T161
376,P06493_Y15
377,P06494_Y1250
378,P06536_S232
379,P06537_S152
380,P06537_S243
381,P06537_S284
382,P06576_T213
383,P06576_Y361
384,P06702_T113
385,P06730_S209
386,P06733_S419
387,P06734_S254
388,P06734_S265
389,P06734_T314
390,P06748_S125
391,P06748_S48
392,P06748_T199
393,P06748_T234
394,P06748_T237
395,P06876_S11
396,P06876_S12
397,P06899_Y42
398,P07101-3_S31
399,P07101-3_S40
400,P07101_S40
401,P07101_S71
402,P07195_S162
403,P07196_S103
404,P07196_S215
405,P07196_S221
406,P07196_S472
407,P07197_S33
408,P07197_S615
409,P07197_S620
410,P07197_S641
411,P07197_S646
412,P07197_S659
413,P07197_S667
414,P07197_S672
415,P07197_S680
416,P07197_S685
417,P07197_S736
418,P07197_S783
419,P07197_S788
420,P07197_S837
421,P07355_S12
422,P07355_S26
423,P07355_Y24
424,P07356_Y24
425,P07737_S138
426,P07737_Y129
427,P07742_T52
428,P07900_S595
429,P07947_T427
430,P07947_Y426
431,P07948_Y32
432,P07948_Y397
433,P07948_Y508
434,P07949_S891
435,P07949_Y791
436,P07954_S46
437,P08047_S59
438,P08047_S612
439,P08047_S641
440,P08047_S698
441,P08047_S702
442,P08047_T278
443,P08047_T453
444,P08047_T640
445,P08047_T739
446,P08050_S262
447,P08050_S279
448,P08050_S282
449,P08050_S364
450,P08050_S365
451,P08050_S368
452,P08069_Y1161
453,P08069_Y1165
454,P08069_Y1166
455,P08069_Y980
456,P08151_S1089
457,P08151_S84
458,P08151_S937
459,P08151_T394
460,P08238_S226
461,P08413_T287
462,P08559_S232
463,P08559_S293
464,P08559_S295
465,P08559_S314
466,P08559_S327
467,P08559_Y301
468,P08581_Y1003
469,P08581_Y1234
470,P08581_Y1235
471,P08581_Y1349
472,P08581_Y1356
473,P08581_Y1365
474,P08592_T743
475,P08621_S140
476,P08670_S339
477,P08670_S56
478,P08670_S72
479,P08670_Y61
480,P08708_S115
481,P08727_S35
482,P08833_S123
483,P08833_S126
484,P08833_S144
485,P08833_S194
486,P09215_T505
487,P09429_S35
488,P09467_S144
489,P09467_S170
490,P09493_S283
491,P09619_Y751
492,P09619_Y857
493,P09651_S199
494,P09651_S6
495,P09758_S322
496,P09793_Y201
497,P09874_Y992
498,P09917_S523
499,P09917_S524
500,P09951_S603
501,P0C0S8_T120
502,P0DMV8_S631
503,P0DP23_Y100
504,P10070_S149
505,P10070_S941
506,P10070_T1546
507,P10109_S177
508,P10244_T487
509,P10275_S16
510,P10275_S215
511,P10275_S258
512,P10275_S310
513,P10275_S424
514,P10275_S426
515,P10275_S516
516,P10275_S579
517,P10275_S651
518,P10275_S792
519,P10275_S83
520,P10275_S96
521,P10275_Y269
522,P10275_Y535
523,P10276_S77
524,P10361_S15
525,P10361_S20
526,P10361_S6
527,P10361_S9
528,P10361_T18
529,P10412_S36
530,P10412_T146
531,P10415_S70
532,P10415_S87
533,P10451_S117
534,P10451_S120
535,P10451_S123
536,P10451_S126
537,P10451_S129
538,P10451_S195
539,P10451_S219
540,P10451_S234
541,P10451_S254
542,P10451_S258
543,P10451_S263
544,P10451_S280
545,P10451_S62
546,P10451_S63
547,P10451_T190
548,P10636-8_S184
549,P10636-8_S185
550,P10636-8_S191
551,P10636-8_S195
552,P10636-8_S198
553,P10636-8_S199
554,P10636-8_S202
555,P10636-8_S208
556,P10636-8_S210
557,P10636-8_S214
558,P10636-8_S235
559,P10636-8_S237
560,P10636-8_S238
561,P10636-8_S262
562,P10636-8_S285
563,P10636-8_S289
564,P10636-8_S305
565,P10636-8_S320
566,P10636-8_S324
567,P10636-8_S356
568,P10636-8_S396
569,P10636-8_S400
570,P10636-8_S404
571,P10636-8_S409
572,P10636-8_S412
573,P10636-8_S413
574,P10636-8_S416
575,P10636-8_S422
576,P10636-8_S46
577,P10636-8_T111
578,P10636-8_T149
579,P10636-8_T153
580,P10636-8_T175
581,P10636-8_T181
582,P10636-8_T205
583,P10636-8_T212
584,P10636-8_T217
585,P10636-8_T231
586,P10636-8_T403
587,P10636-8_T414
588,P10636-8_Y197
589,P10636-8_Y394
590,P10636_S214
591,P10636_S235
592,P10636_S238
593,P10636_S396
594,P10636_S400
595,P10636_S46
596,P10636_S515
597,P10636_S527
598,P10636_S713
599,P10636_S717
600,P10636_T111
601,P10636_T123
602,P10636_T39
603,P10636_T403
604,P10636_T498
605,P10636_T50
606,P10636_T529
607,P10636_T548
608,P10636_T69
609,P10636_T720
610,P10636_Y514
611,P10637_S202
612,P10637_S490
613,P10637_S491
614,P10637_S494
615,P10637_S506
616,P10637_S527
617,P10637_S554
618,P10637_S648
619,P10637_S688
620,P10637_S696
621,P10637_S701
622,P10637_S714
623,P10637_T473
624,P10637_T497
625,P10637_T504
626,P10637_T523
627,P10644_S77
628,P10644_S83
629,P10721_Y703
630,P10721_Y721
631,P10809_S70
632,P11021_T69
633,P11137_S1702
634,P11137_S1706
635,P11137_S1782
636,P11171-4_Y13
637,P11233_S194
638,P11234_S198
639,P11274_Y177
640,P11275_T286
641,P11308_S96
642,P11387_S506
643,P11413_Y112
644,P11413_Y249
645,P11413_Y322
646,P11802_T172
647,P11881_S1588
648,P11881_S1755
649,P11908_T285
650,P12004_Y114
651,P12004_Y211
652,P12023_S679
653,P12023_S697
654,P12036_S546
655,P12036_S580
656,P12036_S620
657,P12036_S640
658,P12036_S648
659,P12036_S696
660,P12036_S704
661,P12036_S710
662,P12036_S738
663,P12036_S795
664,P12036_S801
665,P12036_S942
666,P12277_T133
667,P12532_Y153
668,P12830_S850
669,P12830_S853
670,P12931_T420
671,P12931_Y216
672,P12931_Y419
673,P12931_Y530
674,P12956_S520
675,P12956_S77
676,P12956_S78
677,P12956_T401
678,P12956_T90
679,P12978_S457
680,P12978_T465
681,P13010_T715
682,P13569_S1045
683,P13726_S290
684,P13796_S5
685,P13807_S11
686,P13807_S641
687,P13807_S645
688,P13807_S8
689,P13861_S78
690,P14136_S13
691,P14598_S345
692,P14598_S359
693,P14618_S100
694,P14618_S222
695,P14618_S287
696,P14618_S37
697,P14618_T328
698,P14618_T45
699,P14618_Y105
700,P14635_S126
701,P14753_Y453
702,P14753_Y455
703,P14753_Y503
704,P14921_S269
705,P14921_T265
706,P14921_Y283
707,P14923_Y480
708,P15056_S446
709,P15105_T301
710,P15208_Y1179
711,P15208_Y1180
712,P15311_T567
713,P15311_Y478
714,P15337-1_S133
715,P15407_S252
716,P15407_S265
717,P15407_T217
718,P15498_Y174
719,P15529-2_Y387
720,P15529-4_Y357
721,P15559_T128
722,P15923_S39
723,P15924_S299
724,P15927_S33
725,P15927_S4
726,P15927_S8
727,P16056_S983
728,P16056_Y1228
729,P16056_Y1232
730,P16056_Y1233
731,P16104_S139
732,P16104_Y142
733,P16144-2_Y1494
734,P16144_S1356
735,P16144_Y1510
736,P16220-1_S133
737,P16220_S115
738,P16220_S119
739,P16220_S129
740,P16234_Y849
741,P16403_T146
742,P16471_S349
743,P16591_Y714
744,P16615_Y990
745,P16885_Y753
746,P16885_Y759
747,P16949_S16
748,P16949_S25
749,P16949_S38
750,P16949_S63
751,P16989_S134
752,P17096_S99
753,P17302_S255
754,P17302_S279
755,P17302_S282
756,P17302_S368
757,P17302_Y313
758,P17325_S63
759,P17325_S73
760,P17480_S412
761,P17482_T133
762,P17535_S100
763,P17612_S339
764,P17655_S369
765,P17655_S50
766,P17661_S13
767,P17676_T235
768,P17844_T446
769,P17844_T564
770,P17844_T69
771,P17844_Y593
772,P17918_Y211
773,P17947_S140
774,P17947_S41
775,P18077_Y34
776,P18206_S721
777,P18266_S9
778,P18266_Y216
779,P18654_S386
780,P18669_Y26
781,P18760_T25
782,P18846_T184
783,P18848_S245
784,P18850_Y111
785,P19022_S788
786,P19075_S129
787,P19139_Y255
788,P19174_Y1253
789,P19174_Y783
790,P19332_S510
791,P19332_S513
792,P19332_S707
793,P19332_S715
794,P19332_T492
795,P19332_T516
796,P19338_T641
797,P19338_T707
798,P19338_T76
799,P19419_S383
800,P19419_T417
801,P19429_S166
802,P19429_S199
803,P19429_S23
804,P19429_S24
805,P19429_S42
806,P19429_S44
807,P19429_S5
808,P19429_S6
809,P19429_S77
810,P19429_T143
811,P19429_T181
812,P19429_T78
813,P19429_Y26
814,P19438_S381
815,P19484_S142
816,P19490_S836
817,P19490_S849
818,P19525_T446
819,P19544-7_S63
820,P19544-7_S67
821,P19785_S171
822,P19793_S260
823,P19823_S60
824,P20615_T133
825,P20618_S157
826,P20807_S629
827,P21333_S1459
828,P21333_S2152
829,P21453_T236
830,P21708_T203
831,P21708_Y205
832,P21796_S102
833,P21796_S104
834,P21802_S780
835,P21802_Y656
836,P21802_Y657
837,P21860_Y1289
838,P21980_Y369
839,P22002_T1603
840,P22681_Y371
841,P23204_S280
842,P23242_S368
843,P23327_S96
844,P23396_T221
845,P23443-2_S371
846,P23443-2_S418
847,P23443-2_T389
848,P23443-2_T421
849,P23443_S394
850,P23443_S447
851,P23443_T412
852,P23443_T444
853,P23528_S3
854,P23588_S422
855,P23588_S504
856,P23693_S23
857,P23693_S24
858,P23771_S308
859,P23804_S163
860,P23804_S183
861,P23921_S631
862,P23921_T52
863,P23928_S19
864,P23928_S45
865,P23928_S59
866,P24062_Y1166
867,P24062_Y1167
868,P24385_T286
869,P24529_S40
870,P24622_S171
871,P24752_Y407
872,P24941_Y15
873,P25054_S2260
874,P25054_T1438
875,P25116_Y420
876,P25205_S112
877,P25490_S118
878,P25705_Y243
879,P25705_Y246
880,P25911_Y194
881,P25963_S32
882,P25963_T291
883,P25963_Y305
884,P25976_S389
885,P25977_S389
886,P26038_T558
887,P26040_Y478
888,P26433_S552
889,P26443_Y135
890,P26645_S152
891,P26645_S156
892,P26645_S160
893,P26645_S163
894,P26645_S46
895,P26678_S16
896,P26687_S42
897,P26687_T125
898,P27348_S232
899,P27361_T202
900,P27361_Y204
901,P27546_S1046
902,P27546_S737
903,P27546_S760
904,P27546_S914
905,P27661_S139
906,P27707_S74
907,P27708_S1859
908,P27986_S83
909,P27986_Y508
910,P27987_S174
911,P28028-1_S639
912,P28028-1_T636
913,P28028_S431
914,P28028_S599
915,P28033_T188
916,P28290_S92
917,P28324_S381
918,P28324_S387
919,P28324_T361
920,P28324_T366
921,P28352_T232
922,P28482_S41
923,P28482_T185
924,P28482_T190
925,P28482_Y187
926,P28698_S27
927,P28799_S81
928,P29317_S897
929,P29317_Y772
930,P29350_S591
931,P29350_Y536
932,P29351_S591
933,P29351_Y536
934,P29351_Y564
935,P29353_S139
936,P29353_S36
937,P29353_Y427
938,P29401_T287
939,P29474_S1177
940,P29590_S518
941,P29966_S132
942,P29966_S147
943,P29966_S46
944,P29966_T150
945,P30086_T42
946,P30279_T280
947,P30281_S264
948,P30281_T283
949,P30304_Y59
950,P30305_S323
951,P30307_S216
952,P30530_Y698
953,P30530_Y779
954,P30622_S195
955,P30874_S341
956,P30874_S343
957,P30999_S288
958,P30999_Y228
959,P31324_S112
960,P31350_T33
961,P31431_S179
962,P31749_S124
963,P31749_S129
964,P31749_S473
965,P31749_T308
966,P31749_T450
967,P31749_Y176
968,P31750_S473
969,P31750_T308
970,P31750_Y176
971,P31751_S128
972,P31751_S474
973,P31947_S186
974,P31947_S69
975,P31947_S74
976,P31994-2_Y273
977,P32119_T89
978,P32119_Y193
979,P32322_Y135
980,P32519_T231
981,P32927_S585
982,P32927_S601
983,P33151_Y685
984,P33535_T370
985,P33568_S787
986,P33778_S36
987,P33993_Y600
988,P34080_S256
989,P34152-2_Y956
990,P34152_Y397
991,P34152_Y576
992,P34152_Y577
993,P34741_Y191
994,P35221_S641
995,P35222_S184
996,P35222_S311
997,P35222_S33
998,P35222_S37
999,P35222_S45
1000,P35222_S552
1001,P35222_S675
1002,P35222_T120
1003,P35222_T40
1004,P35222_T41
1005,P35222_Y333
1006,P35222_Y654
1007,P35226_S316
1008,P35227_T334
1009,P35232_T258
1010,P35232_Y259
1011,P35235_Y542
1012,P35235_Y62
1013,P35235_Y63
1014,P35240_S518
1015,P35398_S100
1016,P35398_S35
1017,P35436_S1459
1018,P35436_Y1325
1019,P35439_S890
1020,P35439_S896
1021,P35439_S897
1022,P35486_S232
1023,P35546_Y1063
1024,P35558_S90
1025,P35568_S1101
1026,P35568_S307
1027,P35568_S616
1028,P35568_S636
1029,P35569_S1097
1030,P35569_S265
1031,P35569_S302
1032,P35569_S307
1033,P35569_S612
1034,P35569_S632
1035,P35570_S1100
1036,P35570_S307
1037,P35570_S612
1038,P35580_Y1415
1039,P35606_S859
1040,P35606_T828
1041,P35606_T861
1042,P35611_S726
1043,P35613-2_S246
1044,P35613-2_S252
1045,P35613-2_Y140
1046,P35613-2_Y183
1047,P35613_S246
1048,P35637_S42
1049,P35637_Y526
1050,P35790_S279
1051,P35869_S489
1052,P35914_S258
1053,P35918_Y949
1054,P35968_Y1175
1055,P35968_Y951
1056,P35968_Y996
1057,P36507_S222
1058,P36507_S226
1059,P36507_T394
1060,P36888_Y591
1061,P36888_Y599
1062,P36888_Y842
1063,P36897_Y182
1064,P36956_T59
1065,P36969_S131
1066,P37198_S272
1067,P37198_T269
1068,P37231-2_Y74
1069,P37231_S112
1070,P37231_S273
1071,P37231_T166
1072,P37238_S112
1073,P37238_S273
1074,P37802_S145
1075,P37840_S129
1076,P37840_T64
1077,P37840_Y136
1078,P37840_Y39
1079,P38159_Y255
1080,P38398_S1189
1081,P38398_S1191
1082,P38398_S1387
1083,P38398_S1423
1084,P38398_S1457
1085,P38398_S1497
1086,P38532_T142
1087,P38936_T145
1088,P39689_Y76
1089,P40337_S111
1090,P40337_S72
1091,P40763_S727
1092,P40763_T622
1093,P40763_T714
1094,P40763_Y640
1095,P40763_Y705
1096,P41002_S621
1097,P41181_S256
1098,P41181_S261
1099,P41350_Y14
1100,P41743_T412
1101,P42224_S727
1102,P42224_T387
1103,P42224_Y701
1104,P42225_S727
1105,P42225_Y701
1106,P42226_Y641
1107,P42227_Y705
1108,P42229_S726
1109,P42229_S780
1110,P42229_Y694
1111,P42230_S725
1112,P42230_S779
1113,P42230_Y694
1114,P42336_Y317
1115,P42336_Y508
1116,P42345_S1261
1117,P42345_S2448
1118,P42345_S2481
1119,P42575_S157
1120,P42702_S1044
1121,P42768_Y291
1122,P42858_S1179
1123,P42858_S1199
1124,P42858_S13
1125,P42858_S16
1126,P42858_S1862
1127,P42858_S1864
1128,P42858_S1874
1129,P42858_S2114
1130,P42858_S419
1131,P42858_S432
1132,P42858_T2335
1133,P42858_T3
1134,P42859_S1159
1135,P42859_S1179
1136,P42859_S13
1137,P43268_Y392
1138,P43354_S125
1139,P43405_S295
1140,P43405_Y525
1141,P43405_Y526
1142,P45379_S208
1143,P45983_T183
1144,P45983_Y185
1145,P45985_S257
1146,P45985_T261
1147,P45985_Y269
1148,P45985_Y307
1149,P46108_S41
1150,P46108_Y221
1151,P46108_Y239
1152,P46152_S105
1153,P46152_S261
1154,P46414_T183
1155,P46527_S10
1156,P46527_T157
1157,P46527_T187
1158,P46527_T198
1159,P46527_Y74
1160,P46527_Y88
1161,P46531_S2136
1162,P46531_S2141
1163,P46531_S2521
1164,P46531_S2522
1165,P46531_S2523
1166,P46531_S2524
1167,P46531_T2132
1168,P46531_T2511
1169,P46821_S1396
1170,P46821_S1400
1171,P46821_S1779
1172,P46937-3_Y341
1173,P46937-3_Y357
1174,P46937-3_Y394
1175,P46937_S127
1176,P46937_S128
1177,P46937_S227
1178,P46937_S381
1179,P46937_S397
1180,P46937_S436
1181,P46937_S61
1182,P46937_T143
1183,P46937_T241
1184,P46937_T63
1185,P46937_T83
1186,P46937_Y188
1187,P46937_Y391
1188,P46937_Y407
1189,P46937_Y444
1190,P46938_S112
1191,P46940_S480
1192,P47196_S473
1193,P47196_T308
1194,P47712_S505
1195,P47712_T268
1196,P47713_S505
1197,P47713_T268
1198,P47806_S941
1199,P48025_Y519
1200,P48025_Y520
1201,P48163_S336
1202,P48163_T103
1203,P48356_Y1077
1204,P48356_Y1138
1205,P48356_Y985
1206,P48357_Y1141
1207,P48431_S251
1208,P48431_Y277
1209,P48436_S181
1210,P48436_T196
1211,P48960_S818
1212,P48960_T816
1213,P48960_T820
1214,P48972_T490
1215,P48985_Y78
1216,P49023-2_Y88
1217,P49023_S126
1218,P49023_S178
1219,P49023_Y118
1220,P49023_Y31
1221,P49023_Y88
1222,P49134_T789
1223,P49134_T790
1224,P49185_T183
1225,P49185_Y185
1226,P49366_S233
1227,P49585_S315
1228,P49585_S319
1229,P49585_S323
1230,P49715_S190
1231,P49736_S40
1232,P49736_S53
1233,P49757_S438
1234,P49768_S310
1235,P49789_Y114
1236,P49815_S664
1237,P49815_S939
1238,P49815_T1462
1239,P49840_S21
1240,P49841_S389
1241,P49841_S9
1242,P49841_Y216
1243,P49841_Y56
1244,P49902_S502
1245,P50281_T567
1246,P50281_Y573
1247,P50549_S216
1248,P50552_S157
1249,P50552_S239
1250,P50552_S322
1251,P50750_T186
1252,P50753_S209
1253,P51111_S1181
1254,P51532_S1417
1255,P51532_S1452
1256,P51532_S613
1257,P51532_S695
1258,P51532_S699
1259,P51575_S387
1260,P51575_T389
1261,P51587_S3291
1262,P51608-2_S241
1263,P51608-2_S25
1264,P51608-2_S286
1265,P51608-2_S325
1266,P51608-2_S435
1267,P51608-2_S90
1268,P51608-2_S92
1269,P51608-2_T491
1270,P51608_T158
1271,P51617_T209
1272,P51667_S14
1273,P51667_S15
1274,P51692_S193
1275,P51692_Y699
1276,P51812_S19
1277,P51812_S227
1278,P51812_S386
1279,P51812_T115
1280,P51812_T577
1281,P52209_Y481
1282,P52272_Y64
1283,P52333_Y980
1284,P52480_Y105
1285,P52564_S207
1286,P52565_S174
1287,P52565_S176
1288,P52566_Y153
1289,P52630_S381
1290,P52630_S393
1291,P52630_T385
1292,P52630_T404
1293,P52701_S227
1294,P52701_S830
1295,P52732_T926
1296,P52734_S205
1297,P52735_Y172
1298,P52789_T473
1299,P53350_T210
1300,P53350_Y425
1301,P53355_Y490
1302,P53355_Y491
1303,P53396_S451
1304,P53396_T447
1305,P53566_S193
1306,P53602_S96
1307,P53667_T508
1308,P53671_T505
1309,P53778_Y185
1310,P53985_S467
1311,P53999_S17
1312,P54253_S775
1313,P54274_T371
1314,P54310_S557
1315,P54645_T183
1316,P54646_T172
1317,P54845_S50
1318,P55012_T196
1319,P55012_T200
1320,P55012_T205
1321,P55014_S126
1322,P55017_T60
1323,P55072_S784
1324,P55072_T76
1325,P55087_S180
1326,P55211_S196
1327,P55212_S257
1328,P55895_T490
1329,P55937_S174
1330,P55937_S385
1331,P55957_S78
1332,P56402_S256
1333,P56537_S235
1334,P56741_S273
1335,P56741_S279
1336,P56741_S288
1337,P56817_S498
1338,P56817_T252
1339,P56945_Y12
1340,P56945_Y128
1341,P56945_Y234
1342,P56945_Y249
1343,P56945_Y267
1344,P56945_Y287
1345,P56945_Y306
1346,P56945_Y410
1347,P58012_S33
1348,P58215_S704
1349,P58252_T57
1350,P58771_S283
1351,P59158_T58
1352,P60174-3_S58
1353,P60330_S1121
1354,P60484_S179
1355,P60484_S370
1356,P60484_S380
1357,P60484_S385
1358,P60484_T366
1359,P60484_T382
1360,P60484_T383
1361,P60484_Y240
1362,P60891_S103
1363,P60891_S285
1364,P61006_Y5
1365,P61014_T17
1366,P61016_S16
1367,P61016_T17
1368,P61026_T73
1369,P61073_S339
1370,P61244_S11
1371,P61586_S188
1372,P61586_Y42
1373,P62140_Y306
1374,P62753_S235
1375,P62753_S236
1376,P62753_S240
1377,P62753_S244
1378,P62754_S236
1379,P62754_S240
1380,P62754_S244
1381,P62755_S235
1382,P62755_S236
1383,P62805_Y88
1384,P62962_Y129
1385,P62988_S65
1386,P62993_Y160
1387,P63000_S71
1388,P63073_S209
1389,P63080_S432
1390,P63080_S433
1391,P63085_T183
1392,P63085_T188
1393,P63085_Y185
1394,P63086_T183
1395,P63086_Y185
1396,P63101_S58
1397,P63104_S58
1398,P63104_S64
1399,P63161_S98
1400,P63279_S71
1401,P63329_S411
1402,P63330_Y307
1403,P67775_Y307
1404,P67778_T258
1405,P67809_S102
1406,P67809_S209
1407,P67809_T89
1408,P67870_S209
1409,P67999_T412
1410,P68032_Y55
1411,P68104_S300
1412,P68366_S165
1413,P68400_T13
1414,P68431_S10
1415,P68431_S28
1416,P68431_T11
1417,P68431_T6
1418,P68431_T80
1419,P68431_Y41
1420,P68433_S10
1421,P68433_S57
1422,P68433_T58
1423,P70284_T235
1424,P70284_T239
1425,P70288_S394
1426,P70313_S1176
1427,P70313_S1178
1428,P70313_Y80
1429,P70372_S221
1430,P70460_S235
1431,P70531_S365
1432,P70531_S499
1433,P70670_S2015
1434,P70671_S378
1435,P78362_T492
1436,P78527_S2056
1437,P78559_S612
1438,P84022_S213
1439,P84022_T179
1440,P84092_S45
1441,P84550_Y234
1442,P97324_T10
1443,P97427_S522
1444,P97431_S424
1445,P97431_S90
1446,P97436_S186
1447,P97471_S342
1448,P97471_S343
1449,P98083-2_Y239
1450,P98083-2_Y240
1451,P98083-2_Y313
1452,P98170_S87
1453,Q00059_S55
1454,Q00266_S114
1455,Q00495_Y721
1456,Q00535_Y15
1457,Q00612_Y437
1458,Q00613_S303
1459,Q00613_S307
1460,Q00613_S326
1461,Q00613_S363
1462,Q00613_S419
1463,Q00613_T120
1464,Q00960_S1303
1465,Q00987_S166
1466,Q00987_S186
1467,Q00987_T158
1468,Q00987_T419
1469,Q00993_Y773
1470,Q01097_Y1472
1471,Q01105-2_S9
1472,Q01147_S119
1473,Q01196_T207
1474,Q01279_Y1092
1475,Q01279_Y1197
1476,Q01518_S308
1477,Q01518_S310
1478,Q01543_T312
1479,Q01813_Y64
1480,Q01826_S47
1481,Q02078_Y105
1482,Q02085_S165
1483,Q02248_S37
1484,Q02248_S45
1485,Q02248_S552
1486,Q02248_S675
1487,Q02248_T41
1488,Q02248_Y654
1489,Q02446_S770
1490,Q02548_Y102
1491,Q02556_S151
1492,Q02750_S218
1493,Q02750_S222
1494,Q02952_T1760
1495,Q02952_T767
1496,Q03014_S163
1497,Q03014_S177
1498,Q03135_Y14
1499,Q03181_S50
1500,Q03393_T58
1501,Q04206_S276
1502,Q04206_S468
1503,Q04206_S529
1504,Q04206_S536
1505,Q04206_T254
1506,Q04656_T1048
1507,Q04695_S13
1508,Q04695_S24
1509,Q04695_S32
1510,Q04695_S39
1511,Q04695_S44
1512,Q04726_S217
1513,Q04726_S267
1514,Q04759_T538
1515,Q04760_Y136
1516,Q04917_S25
1517,Q05084_S269
1518,Q05086-2_T485
1519,Q05209_S571
1520,Q05329_S6
1521,Q05397_S722
1522,Q05397_S732
1523,Q05397_S910
1524,Q05397_Y397
1525,Q05397_Y407
1526,Q05397_Y576
1527,Q05397_Y577
1528,Q05397_Y861
1529,Q05397_Y925
1530,Q05469_S660
1531,Q05469_S853
1532,Q05469_S855
1533,Q05469_S950
1534,Q05513_T410
1535,Q05513_T560
1536,Q05519_S287
1537,Q05655_T507
1538,Q05655_Y155
1539,Q05655_Y313
1540,Q05655_Y52
1541,Q05655_Y64
1542,Q05682_S759
1543,Q05682_S789
1544,Q05D32_T86
1545,Q06124-1_S189
1546,Q06124-1_T73
1547,Q06124_S189
1548,Q06124_T73
1549,Q06124_Y542
1550,Q06124_Y580
1551,Q06413_S222
1552,Q06481_T736
1553,Q06787-3_S499
1554,Q06787_S500
1555,Q06830_S32
1556,Q06830_Y194
1557,Q07820_S159
1558,Q07866_S460
1559,Q07889_Y1196
1560,Q07912_Y284
1561,Q07912_Y635
1562,Q07955_Y19
1563,Q08050_S331
1564,Q08050_T600
1565,Q08117_S121
1566,Q08174_Y897
1567,Q08351_Y616
1568,Q08369_S105
1569,Q08722_Y288
1570,Q09137_T172
1571,Q09137_T485
1572,Q09472_S1038
1573,Q09472_S2039
1574,Q0PCR6_S1700
1575,Q0PCR6_S1927
1576,Q0PCR6_T1704
1577,Q10728_T697
1578,Q12756-3_S1758
1579,Q12772_T610
1580,Q12778_S249
1581,Q12778_S256
1582,Q12778_S319
1583,Q12778_S329
1584,Q12778_T24
1585,Q12809_S890
1586,Q12879_S1459
1587,Q12879_Y1325
1588,Q12879_Y1387
1589,Q12888_S1778
1590,Q12888_S25
1591,Q12906_S382
1592,Q12929_Y602
1593,Q12933_S11
1594,Q12933_S55
1595,Q12933_T117
1596,Q12948_S241
1597,Q12948_S272
1598,Q12959_T657
1599,Q13043_T120
1600,Q13043_T183
1601,Q13043_Y433
1602,Q13045_S436
1603,Q13045_S64
1604,Q13049_S328
1605,Q13049_S339
1606,Q13085_S80
1607,Q13131_S467
1608,Q13131_S486
1609,Q13131_T183
1610,Q13133_S198
1611,Q13148_S369
1612,Q13148_S375
1613,Q13148_S379
1614,Q13148_S403
1615,Q13148_S404
1616,Q13148_S409
1617,Q13148_S410
1618,Q13153_S144
1619,Q13153_S204
1620,Q13153_T212
1621,Q13153_T423
1622,Q13153_Y285
1623,Q13158_S194
1624,Q13163_S311
1625,Q13163_T315
1626,Q13164_S731
1627,Q13164_T733
1628,Q13177_S141
1629,Q13177_S20
1630,Q13177_T134
1631,Q13177_T169
1632,Q13188_T117
1633,Q13188_T180
1634,Q13224_S1303
1635,Q13243_S250
1636,Q13263_S473
1637,Q13263_S824
1638,Q13309_S256
1639,Q13309_S64
1640,Q13315_S1981
1641,Q13323_S124
1642,Q13443_Y736
1643,Q13451_Y54
1644,Q13470_S502
1645,Q13480_T387
1646,Q13480_Y627
1647,Q13480_Y83
1648,Q13485_T277
1649,Q13501_S272
1650,Q13501_S28
1651,Q13501_S349
1652,Q13501_T269
1653,Q13509_S172
1654,Q13509_Y340
1655,Q13526_S115
1656,Q13526_S138
1657,Q13526_S16
1658,Q13526_S71
1659,Q13535_S428
1660,Q13541_S65
1661,Q13541_T37
1662,Q13541_T46
1663,Q13541_T70
1664,Q13546_S14
1665,Q13546_S15
1666,Q13546_S166
1667,Q13554_T287
1668,Q13555_T287
1669,Q13621_S130
1670,Q13621_T100
1671,Q13621_T105
1672,Q13625_S556
1673,Q13625_S698
1674,Q13625_S827
1675,Q13761_S214
1676,Q13761_T209
1677,Q13761_T212
1678,Q13761_T231
1679,Q13769_Y225
1680,Q13835_S118
1681,Q13887_S303
1682,Q13950_S312
1683,Q14012_T177
1684,Q14157_S454
1685,Q14185_S1250
1686,Q14185_Y722
1687,Q14195_S518
1688,Q14195_T509
1689,Q14195_T514
1690,Q14203_S179
1691,Q14247_S417
1692,Q14247_Y421
1693,Q14258_S100
1694,Q14258_S12
1695,Q14289_Y402
1696,Q14289_Y579
1697,Q14289_Y849
1698,Q14289_Y881
1699,Q14432_S428
1700,Q14432_S438
1701,Q14432_T445
1702,Q14457_S30
1703,Q14457_T108
1704,Q14457_Y229
1705,Q14457_Y233
1706,Q14457_Y333
1707,Q14457_Y352
1708,Q14524_S516
1709,Q14524_S528
1710,Q14524_S571
1711,Q14596_T586
1712,Q14653_S396
1713,Q14680_S171
1714,Q14680_T167
1715,Q14683_S957
1716,Q14683_S966
1717,Q14693_Y398
1718,Q14693_Y413
1719,Q14693_Y795
1720,Q14694_S547
1721,Q14738_S573
1722,Q14765_Y693
1723,Q14790_S387
1724,Q14790_T273
1725,Q14790_Y380
1726,Q14814_Y131
1727,Q14814_Y333
1728,Q14814_Y337
1729,Q14847_Y171
1730,Q14896_S133
1731,Q14896_S275
1732,Q14896_S284
1733,Q14896_S304
1734,Q14934_S259
1735,Q15007_S341
1736,Q15046_S207
1737,Q15067_S26
1738,Q15116_S261
1739,Q15118_T338
1740,Q15121_S104
1741,Q15121_S116
1742,Q15139_S421
1743,Q15276_S407
1744,Q15397_Y259
1745,Q15418_S380
1746,Q15418_T573
1747,Q15543_S33
1748,Q15642_T225
1749,Q15645_Y56
1750,Q15648_T1032
1751,Q15648_T1457
1752,Q15654_Y55
1753,Q15672_S68
1754,Q15691_T206
1755,Q15717_S202
1756,Q15717_S221
1757,Q15717_S318
1758,Q15746_S343
1759,Q15750_S438
1760,Q15758_S503
1761,Q15796_S245
1762,Q15796_S250
1763,Q15796_S255
1764,Q15796_S465
1765,Q15796_S467
1766,Q15796_T220
1767,Q15797_S187
1768,Q15797_S239
1769,Q15797_S463
1770,Q15797_S465
1771,Q15831_S334
1772,Q15831_S428
1773,Q15831_T336
1774,Q15831_T363
1775,Q15835_S21
1776,Q15910_S21
1777,Q15910_T311
1778,Q15910_T345
1779,Q15910_T367
1780,Q15910_T416
1781,Q15910_T487
1782,Q16236_S40
1783,Q16236_T369
1784,Q16254_S244
1785,Q16254_S384
1786,Q16512_S533
1787,Q16512_S537
1788,Q16512_S562
1789,Q16526_S280
1790,Q16526_S281
1791,Q16539_T180
1792,Q16539_Y182
1793,Q16539_Y323
1794,Q16543_S13
1795,Q16555_S518
1796,Q16555_S522
1797,Q16555_T509
1798,Q16555_T514
1799,Q16555_T555
1800,Q16555_Y32
1801,Q16584_S548
1802,Q16584_S770
1803,Q16584_T477
1804,Q16584_T738
1805,Q16613_T129
1806,Q16620_Y706
1807,Q16643_S142
1808,Q16658_S39
1809,Q16659_S189
1810,Q16665_T455
1811,Q16832_Y736
1812,Q16832_Y740
1813,Q16875_S461
1814,Q16875_S467
1815,Q16875_S478
1816,Q16875_Y194
1817,Q16877_T140
1818,Q16881_Y281
1819,Q1PSW8_S3
1820,Q2KJY2_S1773
1821,Q2KJY2_S1953
1822,Q2KJY2_S977
1823,Q2M1V0_S183
1824,Q2NL51_S21
1825,Q2PPJ7_S486
1826,Q2PPJ7_T715
1827,Q2Q1W2_S3
1828,Q3LRZ1_S171
1829,Q3TBT3_S365
1830,Q3UNW5_T177
1831,Q3UR85_S259
1832,Q3V6T2_S1417
1833,Q3V6T2_Y1765
1834,Q3V6T2_Y1799
1835,Q4VCS5_S175
1836,Q53ET0_S238
1837,Q53GL7_T601
1838,Q53HL2_S275
1839,Q53HL2_T278
1840,Q587J8_T156
1841,Q5D1E7_S435
1842,Q5D1E7_S439
1843,Q5EBG6_S10
1844,Q5EBG6_S16
1845,Q5EG47_S172
1846,Q5EG47_S496
1847,Q5EG47_T183
1848,Q5RKG9_S504
1849,Q5S006_S910
1850,Q5S006_S935
1851,Q5S007_S1292
1852,Q5S007_S910
1853,Q5S007_S935
1854,Q5S007_S955
1855,Q5S007_S973
1856,Q5SW79_S1260
1857,Q5SWU9_S79
1858,Q60598_Y466
1859,Q60795_S40
1860,Q60829_T34
1861,Q60855_S166
1862,Q60876_S82
1863,Q61029_S176
1864,Q61029_S179
1865,Q61029_T159
1866,Q61029_T74
1867,Q61084_S337
1868,Q61160_S191
1869,Q61188_T416
1870,Q61188_Y696
1871,Q61337_S112
1872,Q61337_S136
1873,Q61337_S155
1874,Q61457_T393
1875,Q61553_S39
1876,Q61937_S125
1877,Q61982_S1673
1878,Q62165_Y890
1879,Q62176_S193
1880,Q62318_S473
1881,Q62432_S245
1882,Q62600_S1176
1883,Q63844_T203
1884,Q63844_Y205
1885,Q63HR2_Y483
1886,Q64337_S351
1887,Q64373_S14
1888,Q64727_S721
1889,Q66HC3_S9
1890,Q68CZ2_S1441
1891,Q6NUN9_Y137
1892,Q6NXT2_T3
1893,Q6P9R2_T185
1894,Q6PHU5_S791
1895,Q6PJ69_S167
1896,Q6PJ69_S367
1897,Q6PJ69_T413
1898,Q6SZW1_S548
1899,Q6U7Q0_S224
1900,Q6U7Q0_S391
1901,Q6U7Q0_T150
1902,Q6U7Q0_T234
1903,Q6U7Q0_T262
1904,Q6UUV9_S215
1905,Q6X936_Y637
1906,Q6X936_Y638
1907,Q6ZMU5_S255
1908,Q6ZN17_S243
1909,Q6ZN28_Y673
1910,Q6ZN28_Y695
1911,Q6ZN28_Y793
1912,Q6ZQ88_S112
1913,Q6ZS17_S351
1914,Q6ZS17_S453
1915,Q6ZWX6_S52
1916,Q70EK9_S26
1917,Q71DI3_S10
1918,Q71U36_S165
1919,Q7KZF4_S426
1920,Q7KZI7_T596
1921,Q7L5N1_S148
1922,Q7RTV0_Y36
1923,Q7YSG7_S1179
1924,Q7Z2W7_Y1022
1925,Q7Z2Z2_T1069
1926,Q7Z5P4_S33
1927,Q80WE1_S478
1928,Q80YR6_T855
1929,Q86T24_T606
1930,Q86TI0_S660
1931,Q86UY5_Y138
1932,Q86W50_S419
1933,Q86WV6_S366
1934,Q8BFP9_Y136
1935,Q8BFV3_S390
1936,Q8BFV3_S395
1937,Q8BFV3_T361
1938,Q8BFV3_T363
1939,Q8BRK8_T172
1940,Q8BSK8_T412
1941,Q8BUN5_S204
1942,Q8BYJ6_T649
1943,Q8C6M1_S334
1944,Q8CF90_S64
1945,Q8CF90_S65
1946,Q8CHW4_S540
1947,Q8CIN4_S141
1948,Q8CIS0_S657
1949,Q8IUH4_S208
1950,Q8IV08_Y7
1951,Q8IV63_S108
1952,Q8IW41_S354
1953,Q8IX90_T360
1954,Q8IZJ1_T428
1955,Q8IZL8_S1033
1956,Q8JZU2_T155
1957,Q8K1M6_S616
1958,Q8K1M6_S637
1959,Q8N0W4_T707
1960,Q8N371_S361
1961,Q8N543_S256
1962,Q8N5H7_Y316
1963,Q8N5V2_S16
1964,Q8N5V2_S18
1965,Q8N6T7_S338
1966,Q8N9L9_S392
1967,Q8NB16_S358
1968,Q8NB16_T357
1969,Q8NBP7_S47
1970,Q8NCF5_S204
1971,Q8NE01_Y301
1972,Q8NEM2_S273
1973,Q8NEZ4_S4588
1974,Q8NHW3_S65
1975,Q8NHW3_T57
1976,Q8NHY2_S387
1977,Q8R0I0_S680
1978,Q8R310_S216
1979,Q8TAE6_T73
1980,Q8TCU6_S1169
1981,Q8VCR2_S33
1982,Q8VDD5_S1943
1983,Q8VI36_S178
1984,Q8VI36_Y88
1985,Q8WTX7_S14
1986,Q8WYL5_S978
1987,Q8WZ42_S11878
1988,Q8WZ42_S4010
1989,Q8WZ42_S4099
1990,Q8WZ42_S4185
1991,Q91V14-2_S940
1992,Q91V14_S963
1993,Q91V14_Y1109
1994,Q91V14_Y926
1995,Q923E4_S164
1996,Q923E4_S46
1997,Q92504_S275
1998,Q92504_S276
1999,Q92519_S83
2000,Q92529_Y406
2001,Q92560_S292
2002,Q92574_S511
2003,Q92597_S330
2004,Q92597_T346
2005,Q92597_T356
2006,Q92597_T366
2007,Q92622_S92
2008,Q92731_S105
2009,Q92731_Y36
2010,Q92736_S2808
2011,Q92736_S2814
2012,Q92784-2_S348
2013,Q92786_S79
2014,Q92826_S31
2015,Q92826_T41
2016,Q92826_T8
2017,Q92830_S372
2018,Q92830_T272
2019,Q92879_S28
2020,Q92905_S177
2021,Q92934_S118
2022,Q92934_S75
2023,Q92934_S99
2024,Q92945_S395
2025,Q92974-2_S885
2026,Q92974_S645
2027,Q92974_S691
2028,Q92974_S952
2029,Q92974_S956
2030,Q92995_T122
2031,Q92995_Y708
2032,Q93009_S18
2033,Q93045_S50
2034,Q93073_T573
2035,Q96AC1_S159
2036,Q96AD5_S404
2037,Q96AE4_S630
2038,Q96AE4_S99
2039,Q96B36_T246
2040,Q96BF3-2_Y188
2041,Q96BF3_Y222
2042,Q96BH1_S450
2043,Q96BX8_S38
2044,Q96BX8_T15
2045,Q96C19_S74
2046,Q96CX2_S176
2047,Q96CX2_S187
2048,Q96CX2_S200
2049,Q96CX2_T196
2050,Q96EA4_S555
2051,Q96EB6_S172
2052,Q96EB6_S27
2053,Q96EB6_S47
2054,Q96FA3_T264
2055,Q96FA3_Y154
2056,Q96FW1_S16
2057,Q96FW1_Y26
2058,Q96G23_S248
2059,Q96GD4_T232
2060,Q96GP6_Y628
2061,Q96I25_S204
2062,Q96IZ0_S231
2063,Q96KB5_S32
2064,Q96KB5_T9
2065,Q96KB5_Y272
2066,Q96KB5_Y74
2067,Q96LA8_S11
2068,Q96LA8_T21
2069,Q96MT3_T370
2070,Q96P11_S327
2071,Q96P20_Y861
2072,Q96PH1_Y476
2073,Q96PH1_Y478
2074,Q96PU4_S643
2075,Q96PY6_T141
2076,Q96QV6_T120
2077,Q96QV6_Y57
2078,Q96RD7_Y199
2079,Q96RI1_Y77
2080,Q96RS0_S656
2081,Q96S44_S250
2082,Q96T88_T210
2083,Q96TC7_Y176
2084,Q99490-2_S279
2085,Q99490_S615
2086,Q99538_S226
2087,Q99541_Y232
2088,Q99613_Y881
2089,Q99623_S39
2090,Q99623_Y121
2091,Q99661_S192
2092,Q99683_S1033
2093,Q99683_S83
2094,Q99683_S966
2095,Q99683_T838
2096,Q99684_S94
2097,Q99684_S98
2098,Q99717_S463
2099,Q99717_S465
2100,Q99719_S327
2101,Q99801_S185
2102,Q99801_S48
2103,Q99990_S84
2104,Q99JB6_S19
2105,Q99JB6_T175
2106,Q99LC3_S250
2107,Q9BPZ7_S270
2108,Q9BPZ7_S447
2109,Q9BR39_Y141
2110,Q9BSJ8_Y822
2111,Q9BSQ5_S238
2112,Q9BUB5_T250
2113,Q9BUB5_T255
2114,Q9BUZ4_S334
2115,Q9BVI0_S291
2116,Q9BW19_S26
2117,Q9BWC9_S130
2118,Q9BWC9_S147
2119,Q9BXH1_Y152
2120,Q9BXH1_Y172
2121,Q9BXH1_Y58
2122,Q9BXL7_S615
2123,Q9BXM7_T257
2124,Q9BXM7_T313
2125,Q9BZS1_S418
2126,Q9C026-5_S76
2127,Q9C026-5_S80
2128,Q9C026_S76
2129,Q9C026_S80
2130,Q9C0B0_Y232
2131,Q9C0H9_Y396
2132,Q9CZ30_T325
2133,Q9D1F4_T247
2134,Q9DBR7_T852
2135,Q9EP73_Y112
2136,Q9EPI6_S180
2137,Q9EQH3_S671
2138,Q9EQU5-2_S9
2139,Q9EQW6_S10
2140,Q9EQW6_S13
2141,Q9EQW6_S14
2142,Q9ESY2_S478
2143,Q9GZT9_S125
2144,Q9H0F6_S146
2145,Q9H1Y0_T101
2146,Q9H1Y3_S380
2147,Q9H1Y3_Y140
2148,Q9H2X6_S359
2149,Q9H2X6_T360
2150,Q9H3R0_S918
2151,Q9H492_S87
2152,Q9H6X2_Y425
2153,Q9H792_Y665
2154,Q9H8V3_T359
2155,Q9H9S0_T200
2156,Q9H9S0_T280
2157,Q9HAP2_Y222
2158,Q9HAU4_T249
2159,Q9HBH9_S74
2160,Q9HCE7_T223
2161,Q9JI11_Y433
2162,Q9JIY5_S400
2163,Q9JK48_T145
2164,Q9JKB0_S783
2165,Q9NPB6_S345
2166,Q9NPF5_Y246
2167,Q9NPH5_Y566
2168,Q9NQ25_Y284
2169,Q9NR19_S267
2170,Q9NR19_S659
2171,Q9NRC8_S259
2172,Q9NRC8_T255
2173,Q9NRC8_T263
2174,Q9NRM6_Y447
2175,Q9NRM7_S835
2176,Q9NRR5_S318
2177,Q9NRZ9_S503
2178,Q9NS23-2_S203
2179,Q9NTW7_S226
2180,Q9NVD7_S8
2181,Q9NVW2_S215
2182,Q9NVW2_S347
2183,Q9NWZ3_T345
2184,Q9NXR1-1_T246
2185,Q9NXR1_T246
2186,Q9NY61_S316
2187,Q9NY61_S320
2188,Q9NY61_S321
2189,Q9NYA1_S225
2190,Q9NYB9_S183
2191,Q9NYF8_S290
2192,Q9NYK1_Y1024
2193,Q9NYY3_S358
2194,Q9NZC7_Y33
2195,Q9NZI5_S76
2196,Q9NZI6_T177
2197,Q9NZQ7_T210
2198,Q9NZQ7_T285
2199,Q9NZQ7_T290
2200,Q9NZQ7_Y112
2201,Q9P0J1_Y94
2202,Q9P2Y5_S522
2203,Q9QXD6_S144
2204,Q9QYB8_S712
2205,Q9QYC0_S724
2206,Q9QYC0_T445
2207,Q9R044_Y1204
2208,Q9R044_Y1228
2209,Q9R1A7_S347
2210,Q9R1E0_T24
2211,Q9R1U5_S577
2212,Q9R1U5_T182
2213,Q9R210_S141
2214,Q9UD71_T34
2215,Q9UD71_T75
2216,Q9UGI0_S209
2217,Q9UGI0_T35
2218,Q9UGP4_S272
2219,Q9UGP4_S277
2220,Q9UGP4_S421
2221,Q9UGP4_S424
2222,Q9UHB7_S388
2223,Q9UHD2_S172
2224,Q9UHH9_S347
2225,Q9UIK4_S299
2226,Q9UJF2-2_S351
2227,Q9UJU6_S269
2228,Q9UJU6_T291
2229,Q9UJZ1_S17
2230,Q9UKE5_S764
2231,Q9UKT5_S12
2232,Q9UKT9_S378
2233,Q9UKV3_S1180
2234,Q9UKV8_Y393
2235,Q9UKV8_Y529
2236,Q9UKV8_Y749
2237,Q9ULA0-2_S109
2238,Q9ULA0_S119
2239,Q9ULW0_S486
2240,Q9UM73_Y1507
2241,Q9UM73_Y1604
2242,Q9UN36_S332
2243,Q9UN36_T348
2244,Q9UN86_T226
2245,Q9UNA1_S668
2246,Q9UNA1_S671
2247,Q9UNE7_S19
2248,Q9UNF0_S313
2249,Q9UNF0_S372
2250,Q9UNF0_S375
2251,Q9UPN4_S21
2252,Q9UPN4_T205
2253,Q9UPS8_Y296
2254,Q9UPT5_S47
2255,Q9UPT5_S59
2256,Q9UPT5_S89
2257,Q9UQK1_S33
2258,Q9UQL6_S279
2259,Q9UQM7_T286
2260,Q9UQQ2_S150
2261,Q9UQR0_S570
2262,Q9UQR1_S306
2263,Q9WTK7_S431
2264,Q9WU82_S37
2265,Q9WU82_S45
2266,Q9WU82_T41
2267,Q9WUN2_S172
2268,Q9WV60_S389
2269,Q9WV60_S9
2270,Q9WV60_Y216
2271,Q9WVH4_S573
2272,Q9Y261_S107
2273,Q9Y261_S111
2274,Q9Y2B2_Y81
2275,Q9Y2G1_S259
2276,Q9Y2H5_S455
2277,Q9Y2T1_S311
2278,Q9Y3D6_T34
2279,Q9Y3D6_Y38
2280,Q9Y3F4_S179
2281,Q9Y3F4_T175
2282,Q9Y446_Y195
2283,Q9Y448_T294
2284,Q9Y490_S425
2285,Q9Y4G6_Y72
2286,Q9Y4G8_S1244
2287,Q9Y4G8_S1248
2288,Q9Y4H2_S1100
2289,Q9Y4H2_S388
2290,Q9Y4H2_S391
2291,Q9Y4K3_Y473
2292,Q9Y4K4_Y31
2293,Q9Y4P1_S383
2294,Q9Y4P1_S392
2295,Q9Y572_S146
2296,Q9Y572_S227
2297,Q9Y572_T94
2298,Q9Y5A7_S46
2299,Q9Y5A9_S39
2300,Q9Y5A9_T381
2301,Q9Y5U4_S151
2302,Q9Y6A5_S558
2303,Q9Y6K1_S393
2304,Q9Y6Q9_S1062
2305,Q9Y6Q9_S1330
2306,Q9Y6Q9_T1067
2307,Q9Y6X9_S739
2308,Q9Y6X9_T582
2309,Q9Z0J4_S1412
2310,Q9Z0V2_S616
2311,Q9Z0Y9_S196
2312,Q9Z0Z3_S256
2313,Q9Z1W9_T236
2314,Q9Z1X1_Y993
2315,Q9Z2A0_S244
2316,Q9Z2D6_S421
2317,Q9Z2D6_T308
2318,Q9Z301_S662
2319,Q9Z351-12_S559
2320,XP_008773743_S3897
2321,XP_008773743_S3986
